"Individual_ID","startle_binary","Date","ID","Batch","Session","Assay_name","Assay_ID","Treatment","Sex","Treatment_Sex","Position","Comment","Exclude_mean","Exclude_correlation"
"W002_A1",0,2022-05-31,43,1,"M","Habituation","W002","GS","F","GS-F","A1","Ran at 30 - exclude","exclude","exclude"
"W002_A2",1,2022-05-31,44,1,"M","Habituation","W002","GS","F","GS-F","A2","Ran at 30 - exclude","exclude","exclude"
"W002_A3",1,2022-05-31,45,1,"M","Habituation","W002","GS","F","GS-F","A3","Ran at 30 - exclude","exclude","exclude"
"W002_A4",1,2022-05-31,46,1,"M","Habituation","W002","GS","F","GS-F","A4","Ran at 30 - exclude","exclude","exclude"
"W002_A5",1,2022-05-31,47,1,"M","Habituation","W002","GS","F","GS-F","A5","Ran at 30 - exclude","exclude","exclude"
"W002_A6",1,2022-05-31,48,1,"M","Habituation","W002","GS","F","GS-F","A6","Ran at 30 - exclude","exclude","exclude"
"W002_A7",1,2022-05-31,49,1,"M","Habituation","W002","GS","F","GS-F","A7","Ran at 30 - exclude","exclude","exclude"
"W002_A8",1,2022-05-31,50,1,"M","Habituation","W002","GS","M","GS-M","A8","Ran at 30 - exclude","exclude","exclude"
"W002_B1",1,2022-05-31,51,1,"M","Habituation","W002","GS","M","GS-M","B1","Ran at 30 - exclude","exclude","exclude"
"W002_B2",1,2022-05-31,52,1,"M","Habituation","W002","GS","M","GS-M","B2","Ran at 30 - exclude","exclude","exclude"
"W002_B3",1,2022-05-31,53,1,"M","Habituation","W002","GS","M","GS-M","B3","Ran at 30 - exclude","exclude","exclude"
"W002_B4",1,2022-05-31,54,1,"M","Habituation","W002","GS","M","GS-M","B4","Ran at 30 - exclude","exclude","exclude"
"W002_B5",1,2022-05-31,55,1,"M","Habituation","W002","GS","M","GS-M","B5","Ran at 30 - exclude","exclude","exclude"
"W002_B6",1,2022-05-31,56,1,"M","Habituation","W002","GS","M","GS-M","B6","Ran at 30 - exclude","exclude","exclude"
"W002_B7",1,2022-05-31,57,1,"M","Habituation","W002","GM","F","GM-F","B7","Ran at 30 - exclude","exclude","exclude"
"W002_B8",1,2022-05-31,58,1,"M","Habituation","W002","GM","F","GM-F","B8","Ran at 30 - exclude","exclude","exclude"
"W002_C1",1,2022-05-31,59,1,"M","Habituation","W002","GM","F","GM-F","C1","Ran at 30 - exclude","exclude","exclude"
"W002_C2",0,2022-05-31,60,1,"M","Habituation","W002","GM","F","GM-F","C2","Ran at 30 - exclude","exclude","exclude"
"W002_C3",0,2022-05-31,61,1,"M","Habituation","W002","GM","F","GM-F","C3","Ran at 30 - exclude","exclude","exclude"
"W002_C4",1,2022-05-31,62,1,"M","Habituation","W002","GM","F","GM-F","C4","Ran at 30 - exclude","exclude","exclude"
"W002_C5",0,2022-05-31,63,1,"M","Habituation","W002","GM","F","GM-F","C5","Ran at 30 - exclude","exclude","exclude"
"W002_C6",1,2022-05-31,64,1,"M","Habituation","W002","I","M","I-M","C6","Ran at 30 - exclude","exclude","exclude"
"W002_C7",0,2022-05-31,65,1,"M","Habituation","W002","I","M","I-M","C7","Ran at 30 - exclude","exclude","exclude"
"W002_C8",1,2022-05-31,66,1,"M","Habituation","W002","I","M","I-M","C8","Ran at 30 - exclude","exclude","exclude"
"W002_D1",0,2022-05-31,67,1,"M","Habituation","W002","I","M","I-M","D1","Ran at 30 - exclude","exclude","exclude"
"W002_D2",1,2022-05-31,68,1,"M","Habituation","W002","I","M","I-M","D2","Ran at 30 - exclude","exclude","exclude"
"W002_D3",0,2022-05-31,69,1,"M","Habituation","W002","I","M","I-M","D3","Ran at 30 - exclude","exclude","exclude"
"W002_D4",1,2022-05-31,70,1,"M","Habituation","W002","I","M","I-M","D4","Ran at 30 - exclude","exclude","exclude"
"W002_D5",1,2022-05-31,71,1,"M","Habituation","W002","I","F","I-F","D5","Ran at 30 - exclude","exclude","exclude"
"W002_D6",1,2022-05-31,72,1,"M","Habituation","W002","I","F","I-F","D6","Ran at 30 - exclude","exclude","exclude"
"W002_D7",1,2022-05-31,73,1,"M","Habituation","W002","I","F","I-F","D7","Ran at 30 - exclude","exclude","exclude"
"W002_D8",1,2022-05-31,74,1,"M","Habituation","W002","I","F","I-F","D8","Ran at 30 - exclude","exclude","exclude"
"W002_E1",0,2022-05-31,75,1,"M","Habituation","W002","I","F","I-F","E1","Ran at 30 - exclude","exclude","exclude"
"W002_E2",1,2022-05-31,76,1,"M","Habituation","W002","I","F","I-F","E2","Ran at 30 - exclude","exclude","exclude"
"W002_E3",0,2022-05-31,77,1,"M","Habituation","W002","I","F","I-F","E3","Missing","exclude","exclude"
"W002_E4",1,2022-05-31,78,1,"M","Habituation","W002","GM","M","GM-M","E4","Ran at 30 - exclude","exclude","exclude"
"W002_E5",1,2022-05-31,79,1,"M","Habituation","W002","GM","M","GM-M","E5","Ran at 30 - exclude","exclude","exclude"
"W002_E6",1,2022-05-31,80,1,"M","Habituation","W002","GM","M","GM-M","E6","Ran at 30 - exclude","exclude","exclude"
"W002_E7",1,2022-05-31,81,1,"M","Habituation","W002","GM","M","GM-M","E7","Ran at 30 - exclude","exclude","exclude"
"W002_E8",1,2022-05-31,82,1,"M","Habituation","W002","GM","M","GM-M","E8","Ran at 30 - exclude","exclude","exclude"
"W002_F1",1,2022-05-31,83,1,"M","Habituation","W002","GM","M","GM-M","F1","Ran at 30 - exclude","exclude","exclude"
"W002_F2",1,2022-05-31,84,1,"M","Habituation","W002","GM","M","GM-M","F2","Ran at 30 - exclude","exclude","exclude"
"W002_F3",0,NA,NA,NA,NA,NA,NA,NA,NA,NA,NA,NA,NA,NA
"W002_F4",0,NA,NA,NA,NA,NA,NA,NA,NA,NA,NA,NA,NA,NA
"W002_F5",0,NA,NA,NA,NA,NA,NA,NA,NA,NA,NA,NA,NA,NA
"W004_A1",0,2022-05-31,1,1,"M","Habituation","W004","GS","F","GS-F","A1",NA,"keep","keep"
"W004_A2",0,2022-05-31,2,1,"M","Habituation","W004","GS","F","GS-F","A2",NA,"keep","keep"
"W004_A3",0,2022-05-31,3,1,"M","Habituation","W004","GS","F","GS-F","A3",NA,"keep","keep"
"W004_A4",1,2022-05-31,4,1,"M","Habituation","W004","GS","F","GS-F","A4",NA,"keep","keep"
"W004_A5",0,2022-05-31,5,1,"M","Habituation","W004","GS","F","GS-F","A5",NA,"keep","keep"
"W004_A6",0,2022-05-31,6,1,"M","Habituation","W004","GS","F","GS-F","A6",NA,"keep","keep"
"W004_A7",1,2022-05-31,7,1,"M","Habituation","W004","GS","F","GS-F","A7",NA,"keep","keep"
"W004_A8",1,2022-05-31,8,1,"M","Habituation","W004","GM","F","GM-F","A8",NA,"keep","keep"
"W004_B1",0,2022-05-31,9,1,"M","Habituation","W004","GM","F","GM-F","B1",NA,"keep","keep"
"W004_B2",0,2022-05-31,10,1,"M","Habituation","W004","GM","F","GM-F","B2",NA,"keep","keep"
"W004_B3",1,2022-05-31,11,1,"M","Habituation","W004","GM","F","GM-F","B3",NA,"keep","keep"
"W004_B4",1,2022-05-31,12,1,"M","Habituation","W004","GM","F","GM-F","B4",NA,"keep","keep"
"W004_B5",0,2022-05-31,13,1,"M","Habituation","W004","GM","F","GM-F","B5",NA,"keep","keep"
"W004_B6",0,2022-05-31,14,1,"M","Habituation","W004","GM","F","GM-F","B6",NA,"keep","keep"
"W004_B7",1,2022-05-31,15,1,"M","Habituation","W004","I","F","I-F","B7",NA,"keep","keep"
"W004_B8",0,2022-05-31,16,1,"M","Habituation","W004","I","F","I-F","B8",NA,"keep","keep"
"W004_C1",1,2022-05-31,17,1,"M","Habituation","W004","I","F","I-F","C1",NA,"keep","keep"
"W004_C2",1,2022-05-31,18,1,"M","Habituation","W004","I","F","I-F","C2",NA,"keep","keep"
"W004_C3",1,2022-05-31,19,1,"M","Habituation","W004","I","F","I-F","C3",NA,"keep","keep"
"W004_C4",0,2022-05-31,20,1,"M","Habituation","W004","I","F","I-F","C4",NA,"keep","keep"
"W004_C5",0,2022-05-31,21,1,"M","Habituation","W004","I","F","I-F","C5",NA,"keep","keep"
"W004_C6",1,2022-05-31,22,1,"M","Habituation","W004","GS","M","GS-M","C6",NA,"keep","keep"
"W004_C7",0,2022-05-31,23,1,"M","Habituation","W004","GS","M","GS-M","C7",NA,"keep","keep"
"W004_C8",0,2022-05-31,24,1,"M","Habituation","W004","GS","M","GS-M","C8",NA,"keep","keep"
"W004_D1",1,2022-05-31,25,1,"M","Habituation","W004","GS","M","GS-M","D1",NA,"keep","keep"
"W004_D2",1,2022-05-31,26,1,"M","Habituation","W004","GS","M","GS-M","D2",NA,"keep","keep"
"W004_D3",1,2022-05-31,27,1,"M","Habituation","W004","GS","M","GS-M","D3",NA,"keep","keep"
"W004_D4",0,2022-05-31,28,1,"M","Habituation","W004","GS","M","GS-M","D4",NA,"keep","keep"
"W004_D5",0,2022-05-31,29,1,"M","Habituation","W004","I","M","I-M","D5","exclude from trait correlation as locomotion ran at 30","exclude","exclude"
"W004_D6",0,2022-05-31,30,1,"M","Habituation","W004","I","M","I-M","D6","exclude from trait correlation as locomotion ran at 30","exclude","exclude"
"W004_D7",1,2022-05-31,31,1,"M","Habituation","W004","I","M","I-M","D7","exclude from trait correlation as locomotion ran at 30","exclude","exclude"
"W004_D8",0,2022-05-31,32,1,"M","Habituation","W004","I","M","I-M","D8","exclude from trait correlation as locomotion ran at 30","exclude","exclude"
"W004_E1",1,2022-05-31,33,1,"M","Habituation","W004","I","M","I-M","E1","exclude from trait correlation as locomotion ran at 30","exclude","exclude"
"W004_E2",1,2022-05-31,34,1,"M","Habituation","W004","I","M","I-M","E2","exclude from trait correlation as locomotion ran at 30","exclude","exclude"
"W004_E3",1,2022-05-31,35,1,"M","Habituation","W004","I","M","I-M","E3","exclude from trait correlation as locomotion ran at 30","exclude","exclude"
"W004_E4",0,2022-05-31,36,1,"M","Habituation","W004","GM","M","GM-M","E4","exclude from trait correlation as locomotion ran at 30","exclude","exclude"
"W004_E5",1,2022-05-31,37,1,"M","Habituation","W004","GM","M","GM-M","E5","exclude from trait correlation as locomotion ran at 30","exclude","exclude"
"W004_E6",0,2022-05-31,38,1,"M","Habituation","W004","GM","M","GM-M","E6","exclude from trait correlation as locomotion ran at 30","exclude","exclude"
"W004_E7",1,2022-05-31,39,1,"M","Habituation","W004","GM","M","GM-M","E7","exclude from trait correlation as locomotion ran at 30","exclude","exclude"
"W004_E8",0,2022-05-31,40,1,"M","Habituation","W004","GM","M","GM-M","E8","exclude from trait correlation as locomotion ran at 30","exclude","exclude"
"W004_F1",1,2022-05-31,41,1,"M","Habituation","W004","GM","M","GM-M","F1","exclude from trait correlation as locomotion ran at 30","exclude","exclude"
"W004_F2",0,2022-05-31,42,1,"M","Habituation","W004","GM","M","GM-M","F2","exclude from trait correlation as locomotion ran at 30","exclude","exclude"
"W004_F3",0,NA,NA,NA,NA,NA,NA,NA,NA,NA,NA,NA,NA,NA
"W004_F4",0,NA,NA,NA,NA,NA,NA,NA,NA,NA,NA,NA,NA,NA
"W004_F5",0,NA,NA,NA,NA,NA,NA,NA,NA,NA,NA,NA,NA,NA
"W006_A1",0,2022-05-31,85,1,"A","Habituation","W006","I","F","I-F","A1",NA,"keep","keep"
"W006_A2",0,2022-05-31,86,1,"A","Habituation","W006","I","F","I-F","A2",NA,"keep","keep"
"W006_A3",0,2022-05-31,87,1,"A","Habituation","W006","I","F","I-F","A3",NA,"keep","keep"
"W006_A4",0,2022-05-31,88,1,"A","Habituation","W006","I","F","I-F","A4",NA,"keep","keep"
"W006_A5",0,2022-05-31,89,1,"A","Habituation","W006","I","F","I-F","A5","missing","exclude","exclude"
"W006_A6",0,2022-05-31,90,1,"A","Habituation","W006","I","F","I-F","A6","missing","exclude","exclude"
"W006_A7",0,2022-05-31,91,1,"A","Habituation","W006","I","F","I-F","A7","missing","exclude","exclude"
"W006_A8",0,2022-05-31,92,1,"A","Habituation","W006","GM","F","GM-F","A8",NA,"keep","keep"
"W006_B1",0,2022-05-31,93,1,"A","Habituation","W006","GM","F","GM-F","B1",NA,"keep","keep"
"W006_B2",0,2022-05-31,94,1,"A","Habituation","W006","GM","F","GM-F","B2",NA,"keep","keep"
"W006_B3",0,2022-05-31,95,1,"A","Habituation","W006","GM","F","GM-F","B3",NA,"keep","keep"
"W006_B4",0,2022-05-31,96,1,"A","Habituation","W006","GM","F","GM-F","B4",NA,"keep","keep"
"W006_B5",0,2022-05-31,97,1,"A","Habituation","W006","GM","F","GM-F","B5",NA,"keep","keep"
"W006_B6",0,2022-05-31,98,1,"A","Habituation","W006","GM","F","GM-F","B6",NA,"keep","keep"
"W006_B7",0,2022-05-31,99,1,"A","Habituation","W006","GS","M","GS-M","B7",NA,"keep","keep"
"W006_B8",0,2022-05-31,100,1,"A","Habituation","W006","GS","M","GS-M","B8",NA,"keep","keep"
"W006_C1",0,2022-05-31,101,1,"A","Habituation","W006","GS","M","GS-M","C1",NA,"keep","keep"
"W006_C2",0,2022-05-31,102,1,"A","Habituation","W006","GS","M","GS-M","C2",NA,"keep","keep"
"W006_C3",0,2022-05-31,103,1,"A","Habituation","W006","GS","M","GS-M","C3",NA,"keep","keep"
"W006_C4",0,2022-05-31,104,1,"A","Habituation","W006","GS","M","GS-M","C4",NA,"keep","keep"
"W006_C5",1,2022-05-31,105,1,"A","Habituation","W006","GS","M","GS-M","C5",NA,"keep","keep"
"W006_C6",0,2022-05-31,106,1,"A","Habituation","W006","GM","M","GM-M","C6",NA,"keep","keep"
"W006_C7",0,2022-05-31,107,1,"A","Habituation","W006","GM","M","GM-M","C7",NA,"keep","keep"
"W006_C8",0,2022-05-31,108,1,"A","Habituation","W006","GM","M","GM-M","C8",NA,"keep","keep"
"W006_D1",0,2022-05-31,109,1,"A","Habituation","W006","GM","M","GM-M","D1",NA,"keep","keep"
"W006_D2",1,2022-05-31,110,1,"A","Habituation","W006","GM","M","GM-M","D2",NA,"keep","keep"
"W006_D3",1,2022-05-31,111,1,"A","Habituation","W006","GM","M","GM-M","D3",NA,"keep","keep"
"W006_D4",0,2022-05-31,112,1,"A","Habituation","W006","GM","M","GM-M","D4",NA,"keep","keep"
"W006_D5",0,2022-05-31,113,1,"A","Habituation","W006","I","M","I-M","D5",NA,"keep","keep"
"W006_D6",0,2022-05-31,114,1,"A","Habituation","W006","I","M","I-M","D6",NA,"keep","keep"
"W006_D7",1,2022-05-31,115,1,"A","Habituation","W006","I","M","I-M","D7",NA,"keep","keep"
"W006_D8",0,2022-05-31,116,1,"A","Habituation","W006","I","M","I-M","D8",NA,"keep","keep"
"W006_E1",0,2022-05-31,117,1,"A","Habituation","W006","I","M","I-M","E1",NA,"keep","keep"
"W006_E2",1,2022-05-31,118,1,"A","Habituation","W006","I","M","I-M","E2",NA,"keep","keep"
"W006_E3",1,2022-05-31,119,1,"A","Habituation","W006","I","M","I-M","E3",NA,"keep","keep"
"W006_E4",0,2022-05-31,120,1,"A","Habituation","W006","GS","F","GS-F","E4",NA,"keep","keep"
"W006_E5",0,2022-05-31,121,1,"A","Habituation","W006","GS","F","GS-F","E5",NA,"keep","keep"
"W006_E6",0,2022-05-31,122,1,"A","Habituation","W006","GS","F","GS-F","E6",NA,"keep","keep"
"W006_E7",0,2022-05-31,123,1,"A","Habituation","W006","GS","F","GS-F","E7",NA,"keep","keep"
"W006_E8",0,2022-05-31,124,1,"A","Habituation","W006","GS","F","GS-F","E8",NA,"keep","keep"
"W006_F1",0,2022-05-31,125,1,"A","Habituation","W006","GS","F","GS-F","F1",NA,"keep","keep"
"W006_F2",0,2022-05-31,126,1,"A","Habituation","W006","GS","F","GS-F","F2",NA,"keep","keep"
"W006_F3",0,NA,NA,NA,NA,NA,NA,NA,NA,NA,NA,NA,NA,NA
"W006_F4",0,NA,NA,NA,NA,NA,NA,NA,NA,NA,NA,NA,NA,NA
"W006_F5",0,NA,NA,NA,NA,NA,NA,NA,NA,NA,NA,NA,NA,NA
"W008_A1",0,2022-05-31,127,1,"A","Habituation","W008","I","F","I-F","A1","seems weak","keep","keep"
"W008_A2",0,2022-05-31,128,1,"A","Habituation","W008","I","F","I-F","A2",NA,"keep","keep"
"W008_A3",1,2022-05-31,129,1,"A","Habituation","W008","I","F","I-F","A3",NA,"keep","keep"
"W008_A4",0,2022-05-31,130,1,"A","Habituation","W008","I","F","I-F","A4",NA,"keep","keep"
"W008_A5",0,2022-05-31,131,1,"A","Habituation","W008","I","F","I-F","A5",NA,"keep","keep"
"W008_A6",1,2022-05-31,132,1,"A","Habituation","W008","I","F","I-F","A6",NA,"keep","keep"
"W008_A7",0,2022-05-31,133,1,"A","Habituation","W008","I","F","I-F","A7","missing","exclude","exclude"
"W008_A8",0,2022-05-31,134,1,"A","Habituation","W008","GM","M","GM-M","A8",NA,"keep","keep"
"W008_B1",0,2022-05-31,135,1,"A","Habituation","W008","GM","M","GM-M","B1",NA,"keep","keep"
"W008_B2",0,2022-05-31,136,1,"A","Habituation","W008","GM","M","GM-M","B2",NA,"keep","keep"
"W008_B3",1,2022-05-31,137,1,"A","Habituation","W008","GM","M","GM-M","B3",NA,"keep","keep"
"W008_B4",1,2022-05-31,138,1,"A","Habituation","W008","GM","M","GM-M","B4",NA,"keep","keep"
"W008_B5",1,2022-05-31,139,1,"A","Habituation","W008","GM","M","GM-M","B5",NA,"keep","keep"
"W008_B6",1,2022-05-31,140,1,"A","Habituation","W008","GM","M","GM-M","B6",NA,"keep","keep"
"W008_B7",1,2022-05-31,141,1,"A","Habituation","W008","GS","M","GS-M","B7",NA,"keep","keep"
"W008_B8",0,2022-05-31,142,1,"A","Habituation","W008","GS","M","GS-M","B8",NA,"keep","keep"
"W008_C1",0,2022-05-31,143,1,"A","Habituation","W008","GS","M","GS-M","C1",NA,"keep","keep"
"W008_C2",0,2022-05-31,144,1,"A","Habituation","W008","GS","M","GS-M","C2",NA,"keep","keep"
"W008_C3",0,2022-05-31,145,1,"A","Habituation","W008","GS","M","GS-M","C3",NA,"keep","keep"
"W008_C4",0,2022-05-31,146,1,"A","Habituation","W008","GS","M","GS-M","C4",NA,"keep","keep"
"W008_C5",0,2022-05-31,147,1,"A","Habituation","W008","GS","M","GS-M","C5",NA,"keep","keep"
"W008_C6",0,2022-05-31,148,1,"A","Habituation","W008","GM","F","GM-F","C6",NA,"keep","keep"
"W008_C7",0,2022-05-31,149,1,"A","Habituation","W008","GM","F","GM-F","C7",NA,"keep","keep"
"W008_C8",0,2022-05-31,150,1,"A","Habituation","W008","GM","F","GM-F","C8",NA,"keep","keep"
"W008_D1",0,2022-05-31,151,1,"A","Habituation","W008","GM","F","GM-F","D1",NA,"keep","keep"
"W008_D2",0,2022-05-31,152,1,"A","Habituation","W008","GM","F","GM-F","D2",NA,"keep","keep"
"W008_D3",0,2022-05-31,153,1,"A","Habituation","W008","GM","F","GM-F","D3",NA,"keep","keep"
"W008_D4",0,2022-05-31,154,1,"A","Habituation","W008","GM","F","GM-F","D4",NA,"keep","keep"
"W008_D5",0,2022-05-31,155,1,"A","Habituation","W008","GS","F","GS-F","D5",NA,"keep","keep"
"W008_D6",0,2022-05-31,156,1,"A","Habituation","W008","GS","F","GS-F","D6",NA,"keep","keep"
"W008_D7",0,2022-05-31,157,1,"A","Habituation","W008","GS","F","GS-F","D7",NA,"keep","keep"
"W008_D8",0,2022-05-31,158,1,"A","Habituation","W008","GS","F","GS-F","D8",NA,"keep","keep"
"W008_E1",0,2022-05-31,159,1,"A","Habituation","W008","GS","F","GS-F","E1",NA,"keep","keep"
"W008_E2",0,2022-05-31,160,1,"A","Habituation","W008","GS","F","GS-F","E2",NA,"keep","keep"
"W008_E3",1,2022-05-31,161,1,"A","Habituation","W008","GS","F","GS-F","E3",NA,"keep","keep"
"W008_E4",0,2022-05-31,162,1,"A","Habituation","W008","I","M","I-M","E4",NA,"keep","keep"
"W008_E5",1,2022-05-31,163,1,"A","Habituation","W008","I","M","I-M","E5",NA,"keep","keep"
"W008_E6",0,2022-05-31,164,1,"A","Habituation","W008","I","M","I-M","E6",NA,"keep","keep"
"W008_E7",0,2022-05-31,165,1,"A","Habituation","W008","I","M","I-M","E7",NA,"keep","keep"
"W008_E8",1,2022-05-31,166,1,"A","Habituation","W008","I","M","I-M","E8",NA,"keep","keep"
"W008_F1",0,2022-05-31,167,1,"A","Habituation","W008","I","M","I-M","F1",NA,"keep","keep"
"W008_F2",0,2022-05-31,168,1,"A","Habituation","W008","I","M","I-M","F2",NA,"keep","keep"
"W008_F3",0,NA,NA,NA,NA,NA,NA,NA,NA,NA,NA,NA,NA,NA
"W008_F4",0,NA,NA,NA,NA,NA,NA,NA,NA,NA,NA,NA,NA,NA
"W008_F5",0,NA,NA,NA,NA,NA,NA,NA,NA,NA,NA,NA,NA,NA
"W010_A1",0,2022-06-01,169,2,"M","Habituation","W010","GS","M","GS-M","A1",NA,"keep","keep"
"W010_A2",0,2022-06-01,170,2,"M","Habituation","W010","GS","M","GS-M","A2",NA,"keep","keep"
"W010_A3",0,2022-06-01,171,2,"M","Habituation","W010","GS","M","GS-M","A3",NA,"keep","keep"
"W010_A4",0,2022-06-01,172,2,"M","Habituation","W010","GS","M","GS-M","A4",NA,"keep","keep"
"W010_A5",0,2022-06-01,173,2,"M","Habituation","W010","GS","M","GS-M","A5",NA,"keep","keep"
"W010_A6",0,2022-06-01,174,2,"M","Habituation","W010","GS","M","GS-M","A6",NA,"keep","keep"
"W010_A7",0,2022-06-01,175,2,"M","Habituation","W010","GS","M","GS-M","A7",NA,"keep","keep"
"W010_A8",0,2022-06-01,176,2,"M","Habituation","W010","GM","F","GM-F","A8",NA,"keep","keep"
"W010_B1",0,2022-06-01,177,2,"M","Habituation","W010","GM","F","GM-F","B1",NA,"keep","keep"
"W010_B2",0,2022-06-01,178,2,"M","Habituation","W010","GM","F","GM-F","B2",NA,"keep","keep"
"W010_B3",0,2022-06-01,179,2,"M","Habituation","W010","GM","F","GM-F","B3",NA,"keep","keep"
"W010_B4",0,2022-06-01,180,2,"M","Habituation","W010","GM","F","GM-F","B4",NA,"keep","keep"
"W010_B5",0,2022-06-01,181,2,"M","Habituation","W010","GM","F","GM-F","B5",NA,"keep","keep"
"W010_B6",0,2022-06-01,182,2,"M","Habituation","W010","GM","F","GM-F","B6",NA,"keep","keep"
"W010_B7",0,2022-06-01,183,2,"M","Habituation","W010","I","M","I-M","B7",NA,"keep","keep"
"W010_B8",0,2022-06-01,184,2,"M","Habituation","W010","I","M","I-M","B8",NA,"keep","keep"
"W010_C1",0,2022-06-01,185,2,"M","Habituation","W010","I","M","I-M","C1",NA,"keep","keep"
"W010_C2",0,2022-06-01,186,2,"M","Habituation","W010","I","M","I-M","C2",NA,"keep","keep"
"W010_C3",1,2022-06-01,187,2,"M","Habituation","W010","I","M","I-M","C3",NA,"keep","keep"
"W010_C4",0,2022-06-01,188,2,"M","Habituation","W010","I","M","I-M","C4",NA,"keep","keep"
"W010_C5",0,2022-06-01,189,2,"M","Habituation","W010","I","M","I-M","C5",NA,"keep","keep"
"W010_C6",0,2022-06-01,190,2,"M","Habituation","W010","GS","F","GS-F","C6",NA,"keep","keep"
"W010_C7",0,2022-06-01,191,2,"M","Habituation","W010","GS","F","GS-F","C7",NA,"keep","keep"
"W010_C8",0,2022-06-01,192,2,"M","Habituation","W010","GS","F","GS-F","C8",NA,"keep","keep"
"W010_D1",1,2022-06-01,193,2,"M","Habituation","W010","GS","F","GS-F","D1",NA,"keep","keep"
"W010_D2",0,2022-06-01,194,2,"M","Habituation","W010","GS","F","GS-F","D2","dead","exclude","exclude"
"W010_D3",0,2022-06-01,195,2,"M","Habituation","W010","GS","F","GS-F","D3",NA,"keep","keep"
"W010_D4",0,2022-06-01,196,2,"M","Habituation","W010","GS","F","GS-F","D4",NA,"keep","keep"
"W010_D5",0,2022-06-01,197,2,"M","Habituation","W010","GM","M","GM-M","D5",NA,"keep","keep"
"W010_D6",0,2022-06-01,198,2,"M","Habituation","W010","GM","M","GM-M","D6",NA,"keep","keep"
"W010_D7",1,2022-06-01,199,2,"M","Habituation","W010","GM","M","GM-M","D7",NA,"keep","keep"
"W010_D8",0,2022-06-01,200,2,"M","Habituation","W010","GM","M","GM-M","D8",NA,"keep","keep"
"W010_E1",0,2022-06-01,201,2,"M","Habituation","W010","GM","M","GM-M","E1",NA,"keep","keep"
"W010_E2",0,2022-06-01,202,2,"M","Habituation","W010","GM","M","GM-M","E2",NA,"keep","keep"
"W010_E3",0,2022-06-01,203,2,"M","Habituation","W010","GM","M","GM-M","E3",NA,"keep","keep"
"W010_E4",1,2022-06-01,204,2,"M","Habituation","W010","I","F","I-F","E4",NA,"keep","keep"
"W010_E5",0,2022-06-01,205,2,"M","Habituation","W010","I","F","I-F","E5",NA,"keep","keep"
"W010_E6",0,2022-06-01,206,2,"M","Habituation","W010","I","F","I-F","E6",NA,"keep","keep"
"W010_E7",1,2022-06-01,207,2,"M","Habituation","W010","I","F","I-F","E7",NA,"keep","keep"
"W010_E8",1,2022-06-01,208,2,"M","Habituation","W010","I","F","I-F","E8",NA,"keep","keep"
"W010_F1",0,2022-06-01,209,2,"M","Habituation","W010","I","F","I-F","F1",NA,"keep","keep"
"W010_F2",0,2022-06-01,210,2,"M","Habituation","W010","I","F","I-F","F2","dead","exclude","exclude"
"W010_F3",0,NA,NA,NA,NA,NA,NA,NA,NA,NA,NA,NA,NA,NA
"W010_F4",0,NA,NA,NA,NA,NA,NA,NA,NA,NA,NA,NA,NA,NA
"W010_F5",0,NA,NA,NA,NA,NA,NA,NA,NA,NA,NA,NA,NA,NA
"W012_A1",0,2022-06-01,211,1,"M","Habituation","W012","I","M","I-M","A1",NA,"keep","keep"
"W012_A2",1,2022-06-01,212,1,"M","Habituation","W012","I","M","I-M","A2",NA,"keep","keep"
"W012_A3",0,2022-06-01,213,1,"M","Habituation","W012","I","M","I-M","A3",NA,"keep","keep"
"W012_A4",0,2022-06-01,214,1,"M","Habituation","W012","I","M","I-M","A4",NA,"keep","keep"
"W012_A5",0,2022-06-01,215,1,"M","Habituation","W012","I","M","I-M","A5",NA,"keep","keep"
"W012_A6",0,2022-06-01,216,1,"M","Habituation","W012","I","M","I-M","A6",NA,"keep","keep"
"W012_A7",0,2022-06-01,217,1,"M","Habituation","W012","I","M","I-M","A7",NA,"keep","keep"
"W012_A8",0,2022-06-01,218,1,"M","Habituation","W012","GS","F","GS-F","A8",NA,"keep","keep"
"W012_B1",0,2022-06-01,219,1,"M","Habituation","W012","GS","F","GS-F","B1",NA,"keep","keep"
"W012_B2",0,2022-06-01,220,1,"M","Habituation","W012","GS","F","GS-F","B2",NA,"keep","keep"
"W012_B3",0,2022-06-01,221,1,"M","Habituation","W012","GS","F","GS-F","B3",NA,"keep","keep"
"W012_B4",1,2022-06-01,222,1,"M","Habituation","W012","GS","F","GS-F","B4",NA,"keep","keep"
"W012_B5",0,2022-06-01,223,1,"M","Habituation","W012","GS","F","GS-F","B5",NA,"keep","keep"
"W012_B6",0,2022-06-01,224,1,"M","Habituation","W012","GS","F","GS-F","B6",NA,"keep","keep"
"W012_B7",1,2022-06-01,225,1,"M","Habituation","W012","GS","M","GS-M","B7",NA,"keep","keep"
"W012_B8",0,2022-06-01,226,1,"M","Habituation","W012","GS","M","GS-M","B8",NA,"keep","keep"
"W012_C1",0,2022-06-01,227,1,"M","Habituation","W012","GS","M","GS-M","C1",NA,"keep","keep"
"W012_C2",1,2022-06-01,228,1,"M","Habituation","W012","GS","M","GS-M","C2",NA,"keep","keep"
"W012_C3",1,2022-06-01,229,1,"M","Habituation","W012","GS","M","GS-M","C3",NA,"keep","keep"
"W012_C4",0,2022-06-01,230,1,"M","Habituation","W012","GS","M","GS-M","C4",NA,"keep","keep"
"W012_C5",0,2022-06-01,231,1,"M","Habituation","W012","GS","M","GS-M","C5",NA,"keep","keep"
"W012_C6",1,2022-06-01,232,1,"M","Habituation","W012","I","F","I-F","C6",NA,"keep","keep"
"W012_C7",0,2022-06-01,233,1,"M","Habituation","W012","I","F","I-F","C7",NA,"keep","keep"
"W012_C8",0,2022-06-01,234,1,"M","Habituation","W012","I","F","I-F","C8",NA,"keep","keep"
"W012_D1",0,2022-06-01,235,1,"M","Habituation","W012","I","F","I-F","D1",NA,"keep","keep"
"W012_D2",1,2022-06-01,236,1,"M","Habituation","W012","I","F","I-F","D2",NA,"keep","keep"
"W012_D3",0,2022-06-01,237,1,"M","Habituation","W012","I","F","I-F","D3",NA,"keep","keep"
"W012_D4",0,2022-06-01,238,1,"M","Habituation","W012","I","F","I-F","D4","missing","exclude","exclude"
"W012_D5",1,2022-06-01,239,1,"M","Habituation","W012","GM","M","GM-M","D5",NA,"keep","keep"
"W012_D6",1,2022-06-01,240,1,"M","Habituation","W012","GM","M","GM-M","D6",NA,"keep","keep"
"W012_D7",0,2022-06-01,241,1,"M","Habituation","W012","GM","M","GM-M","D7",NA,"keep","keep"
"W012_D8",0,2022-06-01,242,1,"M","Habituation","W012","GM","M","GM-M","D8",NA,"keep","keep"
"W012_E1",1,2022-06-01,243,1,"M","Habituation","W012","GM","M","GM-M","E1",NA,"keep","keep"
"W012_E2",0,2022-06-01,244,1,"M","Habituation","W012","GM","M","GM-M","E2",NA,"keep","keep"
"W012_E3",0,2022-06-01,245,1,"M","Habituation","W012","GM","M","GM-M","E3",NA,"keep","keep"
"W012_E4",1,2022-06-01,246,1,"M","Habituation","W012","GM","F","GM-F","E4",NA,"keep","keep"
"W012_E5",0,2022-06-01,247,1,"M","Habituation","W012","GM","F","GM-F","E5",NA,"keep","keep"
"W012_E6",0,2022-06-01,248,1,"M","Habituation","W012","GM","F","GM-F","E6",NA,"keep","keep"
"W012_E7",0,2022-06-01,249,1,"M","Habituation","W012","GM","F","GM-F","E7",NA,"keep","keep"
"W012_E8",0,2022-06-01,250,1,"M","Habituation","W012","GM","F","GM-F","E8",NA,"keep","keep"
"W012_F1",0,2022-06-01,251,1,"M","Habituation","W012","GM","F","GM-F","F1",NA,"keep","keep"
"W012_F2",0,2022-06-01,252,1,"M","Habituation","W012","GM","F","GM-F","F2",NA,"keep","keep"
"W012_F3",0,NA,NA,NA,NA,NA,NA,NA,NA,NA,NA,NA,NA,NA
"W012_F4",0,NA,NA,NA,NA,NA,NA,NA,NA,NA,NA,NA,NA,NA
"W012_F5",0,NA,NA,NA,NA,NA,NA,NA,NA,NA,NA,NA,NA,NA
"W014_A1",0,2022-06-01,253,2,"A","Habituation","W014","I","M","I-M","A1",NA,"keep","keep"
"W014_A2",0,2022-06-01,254,2,"A","Habituation","W014","I","M","I-M","A2",NA,"keep","keep"
"W014_A3",0,2022-06-01,255,2,"A","Habituation","W014","I","M","I-M","A3",NA,"keep","keep"
"W014_A4",0,2022-06-01,256,2,"A","Habituation","W014","I","M","I-M","A4",NA,"keep","keep"
"W014_A5",0,2022-06-01,257,2,"A","Habituation","W014","I","M","I-M","A5",NA,"keep","keep"
"W014_A6",0,2022-06-01,258,2,"A","Habituation","W014","I","M","I-M","A6",NA,"keep","keep"
"W014_A7",1,2022-06-01,259,2,"A","Habituation","W014","I","M","I-M","A7",NA,"keep","keep"
"W014_A8",0,2022-06-01,260,2,"A","Habituation","W014","GM","M","GM-M","A8",NA,"keep","keep"
"W014_B1",0,2022-06-01,261,2,"A","Habituation","W014","GM","M","GM-M","B1",NA,"keep","keep"
"W014_B2",0,2022-06-01,262,2,"A","Habituation","W014","GM","M","GM-M","B2",NA,"keep","keep"
"W014_B3",0,2022-06-01,263,2,"A","Habituation","W014","GM","M","GM-M","B3",NA,"keep","keep"
"W014_B4",0,2022-06-01,264,2,"A","Habituation","W014","GM","M","GM-M","B4",NA,"keep","keep"
"W014_B5",0,2022-06-01,265,2,"A","Habituation","W014","GM","M","GM-M","B5",NA,"keep","keep"
"W014_B6",0,2022-06-01,266,2,"A","Habituation","W014","GM","M","GM-M","B6",NA,"keep","keep"
"W014_B7",0,2022-06-01,267,2,"A","Habituation","W014","GS","M","GS-M","B7",NA,"keep","keep"
"W014_B8",0,2022-06-01,268,2,"A","Habituation","W014","GS","M","GS-M","B8",NA,"keep","keep"
"W014_C1",1,2022-06-01,269,2,"A","Habituation","W014","GS","M","GS-M","C1",NA,"keep","keep"
"W014_C2",1,2022-06-01,270,2,"A","Habituation","W014","GS","M","GS-M","C2",NA,"keep","keep"
"W014_C3",1,2022-06-01,271,2,"A","Habituation","W014","GS","M","GS-M","C3",NA,"keep","keep"
"W014_C4",0,2022-06-01,272,2,"A","Habituation","W014","GS","M","GS-M","C4",NA,"keep","keep"
"W014_C5",0,2022-06-01,273,2,"A","Habituation","W014","GS","M","GS-M","C5",NA,"keep","keep"
"W014_C6",0,2022-06-01,274,2,"A","Habituation","W014","I","F","I-F","C6",NA,"keep","keep"
"W014_C7",1,2022-06-01,275,2,"A","Habituation","W014","I","F","I-F","C7",NA,"keep","keep"
"W014_C8",0,2022-06-01,276,2,"A","Habituation","W014","I","F","I-F","C8",NA,"keep","keep"
"W014_D1",1,2022-06-01,277,2,"A","Habituation","W014","I","F","I-F","D1",NA,"keep","keep"
"W014_D2",0,2022-06-01,278,2,"A","Habituation","W014","I","F","I-F","D2","missing","exclude","exclude"
"W014_D3",1,2022-06-01,279,2,"A","Habituation","W014","I","F","I-F","D3",NA,"keep","keep"
"W014_D4",0,2022-06-01,280,2,"A","Habituation","W014","I","F","I-F","D4",NA,"keep","keep"
"W014_D5",0,2022-06-01,281,2,"A","Habituation","W014","GS","F","GS-F","D5",NA,"keep","keep"
"W014_D6",0,2022-06-01,282,2,"A","Habituation","W014","GS","F","GS-F","D6",NA,"keep","keep"
"W014_D7",0,2022-06-01,283,2,"A","Habituation","W014","GS","F","GS-F","D7",NA,"keep","keep"
"W014_D8",0,2022-06-01,284,2,"A","Habituation","W014","GS","F","GS-F","D8",NA,"keep","keep"
"W014_E1",0,2022-06-01,285,2,"A","Habituation","W014","GS","F","GS-F","E1",NA,"keep","keep"
"W014_E2",0,2022-06-01,286,2,"A","Habituation","W014","GS","F","GS-F","E2",NA,"keep","keep"
"W014_E3",0,2022-06-01,287,2,"A","Habituation","W014","GS","F","GS-F","E3",NA,"keep","keep"
"W014_E4",0,2022-06-01,288,2,"A","Habituation","W014","GM","F","GM-F","E4",NA,"keep","keep"
"W014_E5",0,2022-06-01,289,2,"A","Habituation","W014","GM","F","GM-F","E5",NA,"keep","keep"
"W014_E6",0,2022-06-01,290,2,"A","Habituation","W014","GM","F","GM-F","E6",NA,"keep","keep"
"W014_E7",0,2022-06-01,291,2,"A","Habituation","W014","GM","F","GM-F","E7",NA,"keep","keep"
"W014_E8",0,2022-06-01,292,2,"A","Habituation","W014","GM","F","GM-F","E8",NA,"keep","keep"
"W014_F1",0,2022-06-01,293,2,"A","Habituation","W014","GM","F","GM-F","F1",NA,"keep","keep"
"W014_F2",1,2022-06-01,294,2,"A","Habituation","W014","GM","F","GM-F","F2",NA,"keep","keep"
"W014_F3",0,NA,NA,NA,NA,NA,NA,NA,NA,NA,NA,NA,NA,NA
"W014_F4",0,NA,NA,NA,NA,NA,NA,NA,NA,NA,NA,NA,NA,NA
"W014_F5",0,NA,NA,NA,NA,NA,NA,NA,NA,NA,NA,NA,NA,NA
"W016_A1",0,2022-06-01,295,2,"A","Habituation","W016","GM","F","GM-F","A1",NA,"keep","keep"
"W016_A2",0,2022-06-01,296,2,"A","Habituation","W016","GM","F","GM-F","A2",NA,"keep","keep"
"W016_A3",0,2022-06-01,297,2,"A","Habituation","W016","GM","F","GM-F","A3",NA,"keep","keep"
"W016_A4",0,2022-06-01,298,2,"A","Habituation","W016","GM","F","GM-F","A4",NA,"keep","keep"
"W016_A5",0,2022-06-01,299,2,"A","Habituation","W016","GM","F","GM-F","A5",NA,"keep","keep"
"W016_A6",0,2022-06-01,300,2,"A","Habituation","W016","GM","F","GM-F","A6",NA,"keep","keep"
"W016_A7",0,2022-06-01,301,2,"A","Habituation","W016","GM","F","GM-F","A7",NA,"keep","keep"
"W016_A8",0,2022-06-01,302,2,"A","Habituation","W016","I","F","I-F","A8",NA,"keep","keep"
"W016_B1",0,2022-06-01,303,2,"A","Habituation","W016","I","F","I-F","B1","dead","exclude","exclude"
"W016_B2",0,2022-06-01,304,2,"A","Habituation","W016","I","F","I-F","B2",NA,"keep","keep"
"W016_B3",0,2022-06-01,305,2,"A","Habituation","W016","I","F","I-F","B3",NA,"keep","keep"
"W016_B4",1,2022-06-01,306,2,"A","Habituation","W016","I","F","I-F","B4",NA,"keep","keep"
"W016_B5",1,2022-06-01,307,2,"A","Habituation","W016","I","F","I-F","B5",NA,"keep","keep"
"W016_B6",0,2022-06-01,308,2,"A","Habituation","W016","I","F","I-F","B6","missing","exclude","exclude"
"W016_B7",0,2022-06-01,309,2,"A","Habituation","W016","GM","M","GM-M","B7",NA,"keep","keep"
"W016_B8",1,2022-06-01,310,2,"A","Habituation","W016","GM","M","GM-M","B8",NA,"keep","keep"
"W016_C1",0,2022-06-01,311,2,"A","Habituation","W016","GM","M","GM-M","C1",NA,"keep","keep"
"W016_C2",0,2022-06-01,312,2,"A","Habituation","W016","GM","M","GM-M","C2",NA,"keep","keep"
"W016_C3",1,2022-06-01,313,2,"A","Habituation","W016","GM","M","GM-M","C3",NA,"keep","keep"
"W016_C4",1,2022-06-01,314,2,"A","Habituation","W016","GM","M","GM-M","C4",NA,"keep","keep"
"W016_C5",0,2022-06-01,315,2,"A","Habituation","W016","GM","M","GM-M","C5",NA,"keep","keep"
"W016_C6",0,2022-06-01,316,2,"A","Habituation","W016","GS","M","GS-M","C6",NA,"keep","keep"
"W016_C7",1,2022-06-01,317,2,"A","Habituation","W016","GS","M","GS-M","C7",NA,"keep","keep"
"W016_C8",1,2022-06-01,318,2,"A","Habituation","W016","GS","M","GS-M","C8",NA,"keep","keep"
"W016_D1",0,2022-06-01,319,2,"A","Habituation","W016","GS","M","GS-M","D1",NA,"keep","keep"
"W016_D2",0,2022-06-01,320,2,"A","Habituation","W016","GS","M","GS-M","D2",NA,"keep","keep"
"W016_D3",0,2022-06-01,321,2,"A","Habituation","W016","GS","M","GS-M","D3",NA,"keep","keep"
"W016_D4",1,2022-06-01,322,2,"A","Habituation","W016","GS","M","GS-M","D4",NA,"keep","keep"
"W016_D5",0,2022-06-01,323,2,"A","Habituation","W016","GS","F","GS-F","D5",NA,"keep","keep"
"W016_D6",0,2022-06-01,324,2,"A","Habituation","W016","GS","F","GS-F","D6",NA,"keep","keep"
"W016_D7",0,2022-06-01,325,2,"A","Habituation","W016","GS","F","GS-F","D7",NA,"keep","keep"
"W016_D8",0,2022-06-01,326,2,"A","Habituation","W016","GS","F","GS-F","D8",NA,"keep","keep"
"W016_E1",1,2022-06-01,327,2,"A","Habituation","W016","GS","F","GS-F","E1",NA,"keep","keep"
"W016_E2",0,2022-06-01,328,2,"A","Habituation","W016","GS","F","GS-F","E2",NA,"keep","keep"
"W016_E3",1,2022-06-01,329,2,"A","Habituation","W016","GS","F","GS-F","E3",NA,"keep","keep"
"W016_E4",0,2022-06-01,330,2,"A","Habituation","W016","I","M","I-M","E4",NA,"keep","keep"
"W016_E5",1,2022-06-01,331,2,"A","Habituation","W016","I","M","I-M","E5",NA,"keep","keep"
"W016_E6",0,2022-06-01,332,2,"A","Habituation","W016","I","M","I-M","E6",NA,"keep","keep"
"W016_E7",0,2022-06-01,333,2,"A","Habituation","W016","I","M","I-M","E7",NA,"keep","keep"
"W016_E8",0,2022-06-01,334,2,"A","Habituation","W016","I","M","I-M","E8",NA,"keep","keep"
"W016_F1",0,2022-06-01,335,2,"A","Habituation","W016","I","M","I-M","F1",NA,"keep","keep"
"W016_F2",0,2022-06-01,336,2,"A","Habituation","W016","I","M","I-M","F2",NA,"keep","keep"
"W016_F3",0,NA,NA,NA,NA,NA,NA,NA,NA,NA,NA,NA,NA,NA
"W016_F4",0,NA,NA,NA,NA,NA,NA,NA,NA,NA,NA,NA,NA,NA
"W016_F5",0,NA,NA,NA,NA,NA,NA,NA,NA,NA,NA,NA,NA,NA
"W018_A1",1,2022-06-07,337,3,"M","Habituation","W018","I","M","I-M","A1",NA,"keep","keep"
"W018_A2",1,2022-06-07,338,3,"M","Habituation","W018","I","M","I-M","A2",NA,"keep","keep"
"W018_A3",0,2022-06-07,339,3,"M","Habituation","W018","I","M","I-M","A3",NA,"keep","keep"
"W018_A4",1,2022-06-07,340,3,"M","Habituation","W018","I","M","I-M","A4",NA,"keep","keep"
"W018_A5",0,2022-06-07,341,3,"M","Habituation","W018","I","M","I-M","A5",NA,"keep","keep"
"W018_A6",0,2022-06-07,342,3,"M","Habituation","W018","I","M","I-M","A6",NA,"keep","keep"
"W018_A7",0,2022-06-07,343,3,"M","Habituation","W018","I","M","I-M","A7",NA,"keep","keep"
"W018_A8",0,2022-06-07,344,3,"M","Habituation","W018","GM","F","GM-F","A8",NA,"keep","keep"
"W018_B1",0,2022-06-07,345,3,"M","Habituation","W018","GM","F","GM-F","B1",NA,"keep","keep"
"W018_B2",0,2022-06-07,346,3,"M","Habituation","W018","GM","F","GM-F","B2",NA,"keep","keep"
"W018_B3",0,2022-06-07,347,3,"M","Habituation","W018","GM","F","GM-F","B3",NA,"keep","keep"
"W018_B4",1,2022-06-07,348,3,"M","Habituation","W018","GM","F","GM-F","B4",NA,"keep","keep"
"W018_B5",0,2022-06-07,349,3,"M","Habituation","W018","GM","F","GM-F","B5",NA,"keep","keep"
"W018_B6",0,2022-06-07,350,3,"M","Habituation","W018","GM","F","GM-F","B6",NA,"keep","keep"
"W018_B7",0,2022-06-07,351,3,"M","Habituation","W018","GS","M","GS-M","B7",NA,"keep","keep"
"W018_B8",0,2022-06-07,352,3,"M","Habituation","W018","GS","M","GS-M","B8",NA,"keep","keep"
"W018_C1",0,2022-06-07,353,3,"M","Habituation","W018","GS","M","GS-M","C1",NA,"keep","keep"
"W018_C2",1,2022-06-07,354,3,"M","Habituation","W018","GS","M","GS-M","C2",NA,"keep","keep"
"W018_C3",0,2022-06-07,355,3,"M","Habituation","W018","GS","M","GS-M","C3",NA,"keep","keep"
"W018_C4",0,2022-06-07,356,3,"M","Habituation","W018","GS","M","GS-M","C4",NA,"keep","keep"
"W018_C5",1,2022-06-07,357,3,"M","Habituation","W018","GS","M","GS-M","C5",NA,"keep","keep"
"W018_C6",0,2022-06-07,358,3,"M","Habituation","W018","I","F","I-F","C6",NA,"keep","keep"
"W018_C7",0,2022-06-07,359,3,"M","Habituation","W018","I","F","I-F","C7",NA,"keep","keep"
"W018_C8",0,2022-06-07,360,3,"M","Habituation","W018","I","F","I-F","C8",NA,"keep","keep"
"W018_D1",1,2022-06-07,361,3,"M","Habituation","W018","I","F","I-F","D1",NA,"keep","keep"
"W018_D2",0,2022-06-07,362,3,"M","Habituation","W018","I","F","I-F","D2",NA,"keep","keep"
"W018_D3",0,2022-06-07,363,3,"M","Habituation","W018","I","F","I-F","D3",NA,"keep","keep"
"W018_D4",0,2022-06-07,364,3,"M","Habituation","W018","I","F","I-F","D4",NA,"keep","keep"
"W018_D5",0,2022-06-07,365,3,"M","Habituation","W018","GM","M","GM-M","D5",NA,"keep","keep"
"W018_D6",0,2022-06-07,366,3,"M","Habituation","W018","GM","M","GM-M","D6",NA,"keep","keep"
"W018_D7",0,2022-06-07,367,3,"M","Habituation","W018","GM","M","GM-M","D7",NA,"keep","keep"
"W018_D8",0,2022-06-07,368,3,"M","Habituation","W018","GM","M","GM-M","D8",NA,"keep","keep"
"W018_E1",0,2022-06-07,369,3,"M","Habituation","W018","GM","M","GM-M","E1",NA,"keep","keep"
"W018_E2",0,2022-06-07,370,3,"M","Habituation","W018","GM","M","GM-M","E2",NA,"keep","keep"
"W018_E3",0,2022-06-07,371,3,"M","Habituation","W018","GM","M","GM-M","E3",NA,"keep","keep"
"W018_E4",0,2022-06-07,372,3,"M","Habituation","W018","GS","F","GS-F","E4",NA,"keep","keep"
"W018_E5",0,2022-06-07,373,3,"M","Habituation","W018","GS","F","GS-F","E5",NA,"keep","keep"
"W018_E6",0,2022-06-07,374,3,"M","Habituation","W018","GS","F","GS-F","E6",NA,"keep","keep"
"W018_E7",0,2022-06-07,375,3,"M","Habituation","W018","GS","F","GS-F","E7",NA,"keep","keep"
"W018_E8",0,2022-06-07,376,3,"M","Habituation","W018","GS","F","GS-F","E8",NA,"keep","keep"
"W018_F1",0,2022-06-07,377,3,"M","Habituation","W018","GS","F","GS-F","F1",NA,"keep","keep"
"W018_F2",0,2022-06-07,378,3,"M","Habituation","W018","GS","F","GS-F","F2",NA,"keep","keep"
"W018_F3",0,NA,NA,NA,NA,NA,NA,NA,NA,NA,NA,NA,NA,NA
"W018_F4",0,NA,NA,NA,NA,NA,NA,NA,NA,NA,NA,NA,NA,NA
"W018_F5",0,NA,NA,NA,NA,NA,NA,NA,NA,NA,NA,NA,NA,NA
"W020_A1",0,2022-06-07,379,3,"M","Habituation","W020","GM","F","GM-F","A1",NA,"keep","keep"
"W020_A2",0,2022-06-07,380,3,"M","Habituation","W020","GM","F","GM-F","A2",NA,"keep","keep"
"W020_A3",0,2022-06-07,381,3,"M","Habituation","W020","GM","F","GM-F","A3",NA,"keep","keep"
"W020_A4",0,2022-06-07,382,3,"M","Habituation","W020","GM","F","GM-F","A4",NA,"keep","keep"
"W020_A5",0,2022-06-07,383,3,"M","Habituation","W020","GM","F","GM-F","A5",NA,"keep","keep"
"W020_A6",0,2022-06-07,384,3,"M","Habituation","W020","GM","F","GM-F","A6",NA,"keep","keep"
"W020_A7",0,2022-06-07,385,3,"M","Habituation","W020","GM","F","GM-F","A7",NA,"keep","keep"
"W020_A8",0,2022-06-07,386,3,"M","Habituation","W020","GM","M","GM-M","A8",NA,"keep","keep"
"W020_B1",1,2022-06-07,387,3,"M","Habituation","W020","GM","M","GM-M","B1",NA,"keep","keep"
"W020_B2",0,2022-06-07,388,3,"M","Habituation","W020","GM","M","GM-M","B2",NA,"keep","keep"
"W020_B3",0,2022-06-07,389,3,"M","Habituation","W020","GM","M","GM-M","B3",NA,"keep","keep"
"W020_B4",0,2022-06-07,390,3,"M","Habituation","W020","GM","M","GM-M","B4",NA,"keep","keep"
"W020_B5",0,2022-06-07,391,3,"M","Habituation","W020","GM","M","GM-M","B5",NA,"keep","keep"
"W020_B6",1,2022-06-07,392,3,"M","Habituation","W020","GM","M","GM-M","B6",NA,"keep","keep"
"W020_B7",0,2022-06-07,393,3,"M","Habituation","W020","GS","F","GS-F","B7",NA,"keep","keep"
"W020_B8",0,2022-06-07,394,3,"M","Habituation","W020","GS","F","GS-F","B8",NA,"keep","keep"
"W020_C1",1,2022-06-07,395,3,"M","Habituation","W020","GS","F","GS-F","C1",NA,"keep","keep"
"W020_C2",0,2022-06-07,396,3,"M","Habituation","W020","GS","F","GS-F","C2",NA,"keep","keep"
"W020_C3",0,2022-06-07,397,3,"M","Habituation","W020","GS","F","GS-F","C3",NA,"keep","keep"
"W020_C4",0,2022-06-07,398,3,"M","Habituation","W020","GS","F","GS-F","C4",NA,"keep","keep"
"W020_C5",0,2022-06-07,399,3,"M","Habituation","W020","GS","F","GS-F","C5",NA,"keep","keep"
"W020_C6",0,2022-06-07,400,3,"M","Habituation","W020","I","F","I-F","C6",NA,"keep","keep"
"W020_C7",1,2022-06-07,401,3,"M","Habituation","W020","I","F","I-F","C7",NA,"keep","keep"
"W020_C8",1,2022-06-07,402,3,"M","Habituation","W020","I","F","I-F","C8",NA,"keep","keep"
"W020_D1",0,2022-06-07,403,3,"M","Habituation","W020","I","F","I-F","D1",NA,"keep","keep"
"W020_D2",1,2022-06-07,404,3,"M","Habituation","W020","I","F","I-F","D2",NA,"keep","keep"
"W020_D3",0,2022-06-07,405,3,"M","Habituation","W020","I","F","I-F","D3",NA,"keep","keep"
"W020_D4",0,2022-06-07,406,3,"M","Habituation","W020","I","F","I-F","D4",NA,"keep","keep"
"W020_D5",0,2022-06-07,407,3,"M","Habituation","W020","I","M","I-M","D5",NA,"keep","keep"
"W020_D6",0,2022-06-07,408,3,"M","Habituation","W020","I","M","I-M","D6",NA,"keep","keep"
"W020_D7",1,2022-06-07,409,3,"M","Habituation","W020","I","M","I-M","D7",NA,"keep","keep"
"W020_D8",1,2022-06-07,410,3,"M","Habituation","W020","I","M","I-M","D8",NA,"keep","keep"
"W020_E1",1,2022-06-07,411,3,"M","Habituation","W020","I","M","I-M","E1",NA,"keep","keep"
"W020_E2",1,2022-06-07,412,3,"M","Habituation","W020","I","M","I-M","E2",NA,"keep","keep"
"W020_E3",1,2022-06-07,413,3,"M","Habituation","W020","I","M","I-M","E3",NA,"keep","keep"
"W020_E4",0,2022-06-07,414,3,"M","Habituation","W020","GS","M","GS-M","E4",NA,"keep","keep"
"W020_E5",0,2022-06-07,415,3,"M","Habituation","W020","GS","M","GS-M","E5",NA,"keep","keep"
"W020_E6",0,2022-06-07,416,3,"M","Habituation","W020","GS","M","GS-M","E6",NA,"keep","keep"
"W020_E7",0,2022-06-07,417,3,"M","Habituation","W020","GS","M","GS-M","E7",NA,"keep","keep"
"W020_E8",0,2022-06-07,418,3,"M","Habituation","W020","GS","M","GS-M","E8",NA,"keep","keep"
"W020_F1",0,2022-06-07,419,3,"M","Habituation","W020","GS","M","GS-M","F1",NA,"keep","keep"
"W020_F2",0,2022-06-07,420,3,"M","Habituation","W020","GS","M","GS-M","F2",NA,"keep","keep"
"W020_F3",0,NA,NA,NA,NA,NA,NA,NA,NA,NA,NA,NA,NA,NA
"W020_F4",0,NA,NA,NA,NA,NA,NA,NA,NA,NA,NA,NA,NA,NA
"W020_F5",0,NA,NA,NA,NA,NA,NA,NA,NA,NA,NA,NA,NA,NA
"W022_A1",1,2022-06-07,421,3,"A","Habituation","W022","I","F","I-F","A1",NA,"keep","keep"
"W022_A2",1,2022-06-07,422,3,"A","Habituation","W022","I","F","I-F","A2",NA,"keep","keep"
"W022_A3",1,2022-06-07,423,3,"A","Habituation","W022","I","F","I-F","A3",NA,"keep","keep"
"W022_A4",0,2022-06-07,424,3,"A","Habituation","W022","I","F","I-F","A4",NA,"keep","keep"
"W022_A5",0,2022-06-07,425,3,"A","Habituation","W022","I","F","I-F","A5",NA,"keep","keep"
"W022_A6",1,2022-06-07,426,3,"A","Habituation","W022","I","F","I-F","A6",NA,"keep","keep"
"W022_A7",0,2022-06-07,427,3,"A","Habituation","W022","I","F","I-F","A7",NA,"keep","keep"
"W022_A8",0,2022-06-07,428,3,"A","Habituation","W022","GS","M","GS-M","A8",NA,"keep","keep"
"W022_B1",0,2022-06-07,429,3,"A","Habituation","W022","GS","M","GS-M","B1",NA,"keep","keep"
"W022_B2",0,2022-06-07,430,3,"A","Habituation","W022","GS","M","GS-M","B2",NA,"keep","keep"
"W022_B3",1,2022-06-07,431,3,"A","Habituation","W022","GS","M","GS-M","B3",NA,"keep","keep"
"W022_B4",0,2022-06-07,432,3,"A","Habituation","W022","GS","M","GS-M","B4",NA,"keep","keep"
"W022_B5",1,2022-06-07,433,3,"A","Habituation","W022","GS","M","GS-M","B5",NA,"keep","keep"
"W022_B6",0,2022-06-07,434,3,"A","Habituation","W022","GS","M","GS-M","B6",NA,"keep","keep"
"W022_B7",1,2022-06-07,435,3,"A","Habituation","W022","I","M","I-M","B7",NA,"keep","keep"
"W022_B8",0,2022-06-07,436,3,"A","Habituation","W022","I","M","I-M","B8",NA,"keep","keep"
"W022_C1",0,2022-06-07,437,3,"A","Habituation","W022","I","M","I-M","C1",NA,"keep","keep"
"W022_C2",0,2022-06-07,438,3,"A","Habituation","W022","I","M","I-M","C2",NA,"keep","keep"
"W022_C3",1,2022-06-07,439,3,"A","Habituation","W022","I","M","I-M","C3",NA,"keep","keep"
"W022_C4",0,2022-06-07,440,3,"A","Habituation","W022","I","M","I-M","C4",NA,"keep","keep"
"W022_C5",1,2022-06-07,441,3,"A","Habituation","W022","I","M","I-M","C5",NA,"keep","keep"
"W022_C6",0,2022-06-07,442,3,"A","Habituation","W022","GM","F","GM-F","C6",NA,"keep","keep"
"W022_C7",0,2022-06-07,443,3,"A","Habituation","W022","GM","F","GM-F","C7",NA,"keep","keep"
"W022_C8",1,2022-06-07,444,3,"A","Habituation","W022","GM","F","GM-F","C8",NA,"keep","keep"
"W022_D1",1,2022-06-07,445,3,"A","Habituation","W022","GM","F","GM-F","D1",NA,"keep","keep"
"W022_D2",0,2022-06-07,446,3,"A","Habituation","W022","GM","F","GM-F","D2",NA,"keep","keep"
"W022_D3",0,2022-06-07,447,3,"A","Habituation","W022","GM","F","GM-F","D3",NA,"keep","keep"
"W022_D4",0,2022-06-07,448,3,"A","Habituation","W022","GM","F","GM-F","D4",NA,"keep","keep"
"W022_D5",0,2022-06-07,449,3,"A","Habituation","W022","GM","M","GM-M","D5","Exlude from correlations - one fly missing, not sure where from","keep","exclude"
"W022_D6",0,2022-06-07,450,3,"A","Habituation","W022","GM","M","GM-M","D6","Exlude from correlations - one fly missing, not sure where from","keep","exclude"
"W022_D7",0,2022-06-07,451,3,"A","Habituation","W022","GM","M","GM-M","D7","Exlude from correlations - one fly missing, not sure where from","keep","exclude"
"W022_D8",1,2022-06-07,452,3,"A","Habituation","W022","GM","M","GM-M","D8","Exlude from correlations - one fly missing, not sure where from","keep","exclude"
"W022_E1",0,2022-06-07,453,3,"A","Habituation","W022","GM","M","GM-M","E1","Exlude from correlations - one fly missing, not sure where from","keep","exclude"
"W022_E2",0,2022-06-07,454,3,"A","Habituation","W022","GM","M","GM-M","E2","Exlude from correlations - one fly missing, not sure where from","keep","exclude"
"W022_E3",0,2022-06-07,455,3,"A","Habituation","W022","GM","M","GM-M","E3","Exlude from correlations - one fly missing, not sure where from","keep","exclude"
"W022_E4",0,2022-06-07,456,3,"A","Habituation","W022","GS","F","GS-F","E4",NA,"keep","keep"
"W022_E5",0,2022-06-07,457,3,"A","Habituation","W022","GS","F","GS-F","E5",NA,"keep","keep"
"W022_E6",0,2022-06-07,458,3,"A","Habituation","W022","GS","F","GS-F","E6",NA,"keep","keep"
"W022_E7",0,2022-06-07,459,3,"A","Habituation","W022","GS","F","GS-F","E7",NA,"keep","keep"
"W022_E8",0,2022-06-07,460,3,"A","Habituation","W022","GS","F","GS-F","E8",NA,"keep","keep"
"W022_F1",0,2022-06-07,461,3,"A","Habituation","W022","GS","F","GS-F","F1",NA,"keep","keep"
"W022_F2",1,2022-06-07,462,3,"A","Habituation","W022","GS","F","GS-F","F2",NA,"keep","keep"
"W022_F3",0,NA,NA,NA,NA,NA,NA,NA,NA,NA,NA,NA,NA,NA
"W022_F4",0,NA,NA,NA,NA,NA,NA,NA,NA,NA,NA,NA,NA,NA
"W022_F5",0,NA,NA,NA,NA,NA,NA,NA,NA,NA,NA,NA,NA,NA
"W024_A1",0,2022-06-07,463,3,"A","Habituation","W024","GM","F","GM-F","A1",NA,"keep","keep"
"W024_A2",0,2022-06-07,464,3,"A","Habituation","W024","GM","F","GM-F","A2",NA,"keep","keep"
"W024_A3",0,2022-06-07,465,3,"A","Habituation","W024","GM","F","GM-F","A3",NA,"keep","keep"
"W024_A4",0,2022-06-07,466,3,"A","Habituation","W024","GM","F","GM-F","A4",NA,"keep","keep"
"W024_A5",0,2022-06-07,467,3,"A","Habituation","W024","GM","F","GM-F","A5",NA,"keep","keep"
"W024_A6",0,2022-06-07,468,3,"A","Habituation","W024","GM","F","GM-F","A6",NA,"keep","keep"
"W024_A7",0,2022-06-07,469,3,"A","Habituation","W024","GM","F","GM-F","A7",NA,"keep","keep"
"W024_A8",0,2022-06-07,470,3,"A","Habituation","W024","GM","M","GM-M","A8",NA,"keep","keep"
"W024_B1",0,2022-06-07,471,3,"A","Habituation","W024","GM","M","GM-M","B1",NA,"keep","keep"
"W024_B2",0,2022-06-07,472,3,"A","Habituation","W024","GM","M","GM-M","B2",NA,"keep","keep"
"W024_B3",0,2022-06-07,473,3,"A","Habituation","W024","GM","M","GM-M","B3",NA,"keep","keep"
"W024_B4",0,2022-06-07,474,3,"A","Habituation","W024","GM","M","GM-M","B4",NA,"keep","keep"
"W024_B5",0,2022-06-07,475,3,"A","Habituation","W024","GM","M","GM-M","B5",NA,"keep","keep"
"W024_B6",0,2022-06-07,476,3,"A","Habituation","W024","GM","M","GM-M","B6",NA,"keep","keep"
"W024_B7",0,2022-06-07,477,3,"A","Habituation","W024","GS","F","GS-F","B7",NA,"keep","keep"
"W024_B8",0,2022-06-07,478,3,"A","Habituation","W024","GS","F","GS-F","B8",NA,"keep","keep"
"W024_C1",0,2022-06-07,479,3,"A","Habituation","W024","GS","F","GS-F","C1",NA,"keep","keep"
"W024_C2",0,2022-06-07,480,3,"A","Habituation","W024","GS","F","GS-F","C2",NA,"keep","keep"
"W024_C3",0,2022-06-07,481,3,"A","Habituation","W024","GS","F","GS-F","C3","dead","exclude","exclude"
"W024_C4",0,2022-06-07,482,3,"A","Habituation","W024","GS","F","GS-F","C4",NA,"keep","keep"
"W024_C5",0,2022-06-07,483,3,"A","Habituation","W024","GS","F","GS-F","C5",NA,"keep","keep"
"W024_C6",0,2022-06-07,484,3,"A","Habituation","W024","I","F","I-F","C6",NA,"keep","keep"
"W024_C7",0,2022-06-07,485,3,"A","Habituation","W024","I","F","I-F","C7",NA,"keep","keep"
"W024_C8",0,2022-06-07,486,3,"A","Habituation","W024","I","F","I-F","C8",NA,"keep","keep"
"W024_D1",0,2022-06-07,487,3,"A","Habituation","W024","I","F","I-F","D1",NA,"keep","keep"
"W024_D2",0,2022-06-07,488,3,"A","Habituation","W024","I","F","I-F","D2",NA,"keep","keep"
"W024_D3",0,2022-06-07,489,3,"A","Habituation","W024","I","F","I-F","D3",NA,"keep","keep"
"W024_D4",0,2022-06-07,490,3,"A","Habituation","W024","I","F","I-F","D4","missing","exclude","exclude"
"W024_D5",0,2022-06-07,491,3,"A","Habituation","W024","GS","M","GS-M","D5",NA,"keep","keep"
"W024_D6",1,2022-06-07,492,3,"A","Habituation","W024","GS","M","GS-M","D6",NA,"keep","keep"
"W024_D7",0,2022-06-07,493,3,"A","Habituation","W024","GS","M","GS-M","D7",NA,"keep","keep"
"W024_D8",0,2022-06-07,494,3,"A","Habituation","W024","GS","M","GS-M","D8",NA,"keep","keep"
"W024_E1",0,2022-06-07,495,3,"A","Habituation","W024","GS","M","GS-M","E1",NA,"keep","keep"
"W024_E2",0,2022-06-07,496,3,"A","Habituation","W024","GS","M","GS-M","E2",NA,"keep","keep"
"W024_E3",0,2022-06-07,497,3,"A","Habituation","W024","GS","M","GS-M","E3",NA,"keep","keep"
"W024_E4",0,2022-06-07,498,3,"A","Habituation","W024","I","M","I-M","E4",NA,"keep","keep"
"W024_E5",0,2022-06-07,499,3,"A","Habituation","W024","I","M","I-M","E5",NA,"keep","keep"
"W024_E6",0,2022-06-07,500,3,"A","Habituation","W024","I","M","I-M","E6",NA,"keep","keep"
"W024_E7",0,2022-06-07,501,3,"A","Habituation","W024","I","M","I-M","E7",NA,"keep","keep"
"W024_E8",0,2022-06-07,502,3,"A","Habituation","W024","I","M","I-M","E8",NA,"keep","keep"
"W024_F1",1,2022-06-07,503,3,"A","Habituation","W024","I","M","I-M","F1",NA,"keep","keep"
"W024_F2",0,2022-06-07,504,3,"A","Habituation","W024","I","M","I-M","F2",NA,"keep","keep"
"W024_F3",0,NA,NA,NA,NA,NA,NA,NA,NA,NA,NA,NA,NA,NA
"W024_F4",0,NA,NA,NA,NA,NA,NA,NA,NA,NA,NA,NA,NA,NA
"W024_F5",0,NA,NA,NA,NA,NA,NA,NA,NA,NA,NA,NA,NA,NA
"W026_A1",0,2022-06-08,505,4,"M","Habituation","W026","I","F","I-F","A1",NA,"keep","keep"
"W026_A2",0,2022-06-08,506,4,"M","Habituation","W026","I","F","I-F","A2",NA,"keep","keep"
"W026_A3",0,2022-06-08,507,4,"M","Habituation","W026","I","F","I-F","A3",NA,"keep","keep"
"W026_A4",0,2022-06-08,508,4,"M","Habituation","W026","I","F","I-F","A4",NA,"keep","keep"
"W026_A5",0,2022-06-08,509,4,"M","Habituation","W026","I","F","I-F","A5",NA,"keep","keep"
"W026_A6",0,2022-06-08,510,4,"M","Habituation","W026","I","F","I-F","A6",NA,"keep","keep"
"W026_A7",0,2022-06-08,511,4,"M","Habituation","W026","I","F","I-F","A7",NA,"keep","keep"
"W026_A8",0,2022-06-08,512,4,"M","Habituation","W026","GM","F","GM-F","A8",NA,"keep","keep"
"W026_B1",0,2022-06-08,513,4,"M","Habituation","W026","GM","F","GM-F","B1",NA,"keep","keep"
"W026_B2",0,2022-06-08,514,4,"M","Habituation","W026","GM","F","GM-F","B2",NA,"keep","keep"
"W026_B3",0,2022-06-08,515,4,"M","Habituation","W026","GM","F","GM-F","B3",NA,"keep","keep"
"W026_B4",0,2022-06-08,516,4,"M","Habituation","W026","GM","F","GM-F","B4",NA,"keep","keep"
"W026_B5",0,2022-06-08,517,4,"M","Habituation","W026","GM","F","GM-F","B5",NA,"keep","keep"
"W026_B6",0,2022-06-08,518,4,"M","Habituation","W026","GM","F","GM-F","B6",NA,"keep","keep"
"W026_B7",0,2022-06-08,519,4,"M","Habituation","W026","GS","M","GS-M","B7",NA,"keep","keep"
"W026_B8",0,2022-06-08,520,4,"M","Habituation","W026","GS","M","GS-M","B8",NA,"keep","keep"
"W026_C1",0,2022-06-08,521,4,"M","Habituation","W026","GS","M","GS-M","C1",NA,"keep","keep"
"W026_C2",0,2022-06-08,522,4,"M","Habituation","W026","GS","M","GS-M","C2",NA,"keep","keep"
"W026_C3",0,2022-06-08,523,4,"M","Habituation","W026","GS","M","GS-M","C3","missing","exclude","exclude"
"W026_C4",0,2022-06-08,524,4,"M","Habituation","W026","GS","M","GS-M","C4",NA,"keep","keep"
"W026_C5",0,2022-06-08,525,4,"M","Habituation","W026","GS","M","GS-M","C5",NA,"keep","keep"
"W026_C6",0,2022-06-08,526,4,"M","Habituation","W026","GM","M","GM-M","C6",NA,"keep","keep"
"W026_C7",1,2022-06-08,527,4,"M","Habituation","W026","GM","M","GM-M","C7",NA,"keep","keep"
"W026_C8",0,2022-06-08,528,4,"M","Habituation","W026","GM","M","GM-M","C8",NA,"keep","keep"
"W026_D1",0,2022-06-08,529,4,"M","Habituation","W026","GM","M","GM-M","D1",NA,"keep","keep"
"W026_D2",0,2022-06-08,530,4,"M","Habituation","W026","GM","M","GM-M","D2",NA,"keep","keep"
"W026_D3",1,2022-06-08,531,4,"M","Habituation","W026","GM","M","GM-M","D3",NA,"keep","keep"
"W026_D4",0,2022-06-08,532,4,"M","Habituation","W026","GM","M","GM-M","D4",NA,"keep","keep"
"W026_D5",0,2022-06-08,533,4,"M","Habituation","W026","GS","F","GS-F","D5",NA,"keep","keep"
"W026_D6",0,2022-06-08,534,4,"M","Habituation","W026","GS","F","GS-F","D6",NA,"keep","keep"
"W026_D7",0,2022-06-08,535,4,"M","Habituation","W026","GS","F","GS-F","D7",NA,"keep","keep"
"W026_D8",0,2022-06-08,536,4,"M","Habituation","W026","GS","F","GS-F","D8",NA,"keep","keep"
"W026_E1",0,2022-06-08,537,4,"M","Habituation","W026","GS","F","GS-F","E1",NA,"keep","keep"
"W026_E2",0,2022-06-08,538,4,"M","Habituation","W026","GS","F","GS-F","E2",NA,"keep","keep"
"W026_E3",0,2022-06-08,539,4,"M","Habituation","W026","GS","F","GS-F","E3",NA,"keep","keep"
"W026_E4",0,2022-06-08,540,4,"M","Habituation","W026","I","M","I-M","E4",NA,"keep","keep"
"W026_E5",1,2022-06-08,541,4,"M","Habituation","W026","I","M","I-M","E5",NA,"keep","keep"
"W026_E6",1,2022-06-08,542,4,"M","Habituation","W026","I","M","I-M","E6",NA,"keep","keep"
"W026_E7",1,2022-06-08,543,4,"M","Habituation","W026","I","M","I-M","E7",NA,"keep","keep"
"W026_E8",1,2022-06-08,544,4,"M","Habituation","W026","I","M","I-M","E8",NA,"keep","keep"
"W026_F1",0,2022-06-08,545,4,"M","Habituation","W026","I","M","I-M","F1",NA,"keep","keep"
"W026_F2",0,2022-06-08,546,4,"M","Habituation","W026","I","M","I-M","F2",NA,"keep","keep"
"W026_F3",0,NA,NA,NA,NA,NA,NA,NA,NA,NA,NA,NA,NA,NA
"W026_F4",0,NA,NA,NA,NA,NA,NA,NA,NA,NA,NA,NA,NA,NA
"W026_F5",0,NA,NA,NA,NA,NA,NA,NA,NA,NA,NA,NA,NA,NA
"W028_A1",0,2022-06-08,547,4,"M","Habituation","W028","GM","F","GM-F","A1",NA,"keep","keep"
"W028_A2",1,2022-06-08,548,4,"M","Habituation","W028","GM","F","GM-F","A2",NA,"keep","keep"
"W028_A3",1,2022-06-08,549,4,"M","Habituation","W028","GM","F","GM-F","A3",NA,"keep","keep"
"W028_A4",0,2022-06-08,550,4,"M","Habituation","W028","GM","F","GM-F","A4",NA,"keep","keep"
"W028_A5",0,2022-06-08,551,4,"M","Habituation","W028","GM","F","GM-F","A5",NA,"keep","keep"
"W028_A6",0,2022-06-08,552,4,"M","Habituation","W028","GM","F","GM-F","A6",NA,"keep","keep"
"W028_A7",0,2022-06-08,553,4,"M","Habituation","W028","GM","F","GM-F","A7",NA,"keep","keep"
"W028_A8",0,2022-06-08,554,4,"M","Habituation","W028","GM","M","GM-M","A8",NA,"keep","keep"
"W028_B1",1,2022-06-08,555,4,"M","Habituation","W028","GM","M","GM-M","B1",NA,"keep","keep"
"W028_B2",0,2022-06-08,556,4,"M","Habituation","W028","GM","M","GM-M","B2",NA,"keep","keep"
"W028_B3",1,2022-06-08,557,4,"M","Habituation","W028","GM","M","GM-M","B3",NA,"keep","keep"
"W028_B4",0,2022-06-08,558,4,"M","Habituation","W028","GM","M","GM-M","B4",NA,"keep","keep"
"W028_B5",0,2022-06-08,559,4,"M","Habituation","W028","GM","M","GM-M","B5",NA,"keep","keep"
"W028_B6",0,2022-06-08,560,4,"M","Habituation","W028","GM","M","GM-M","B6",NA,"keep","keep"
"W028_B7",0,2022-06-08,561,4,"M","Habituation","W028","I","M","I-M","B7",NA,"keep","keep"
"W028_B8",0,2022-06-08,562,4,"M","Habituation","W028","I","M","I-M","B8",NA,"keep","keep"
"W028_C1",0,2022-06-08,563,4,"M","Habituation","W028","I","M","I-M","C1",NA,"keep","keep"
"W028_C2",1,2022-06-08,564,4,"M","Habituation","W028","I","M","I-M","C2",NA,"keep","keep"
"W028_C3",0,2022-06-08,565,4,"M","Habituation","W028","I","M","I-M","C3",NA,"keep","keep"
"W028_C4",0,2022-06-08,566,4,"M","Habituation","W028","I","M","I-M","C4",NA,"keep","keep"
"W028_C5",0,2022-06-08,567,4,"M","Habituation","W028","I","M","I-M","C5",NA,"keep","keep"
"W028_C6",0,2022-06-08,568,4,"M","Habituation","W028","GS","M","GS-M","C6",NA,"keep","keep"
"W028_C7",0,2022-06-08,569,4,"M","Habituation","W028","GS","M","GS-M","C7",NA,"keep","keep"
"W028_C8",0,2022-06-08,570,4,"M","Habituation","W028","GS","M","GS-M","C8",NA,"keep","keep"
"W028_D1",0,2022-06-08,571,4,"M","Habituation","W028","GS","M","GS-M","D1",NA,"keep","keep"
"W028_D2",0,2022-06-08,572,4,"M","Habituation","W028","GS","M","GS-M","D2",NA,"keep","keep"
"W028_D3",0,2022-06-08,573,4,"M","Habituation","W028","GS","M","GS-M","D3",NA,"keep","keep"
"W028_D4",1,2022-06-08,574,4,"M","Habituation","W028","GS","M","GS-M","D4",NA,"keep","keep"
"W028_D5",0,2022-06-08,575,4,"M","Habituation","W028","I","F","I-F","D5",NA,"keep","keep"
"W028_D6",0,2022-06-08,576,4,"M","Habituation","W028","I","F","I-F","D6",NA,"keep","keep"
"W028_D7",1,2022-06-08,577,4,"M","Habituation","W028","I","F","I-F","D7",NA,"keep","keep"
"W028_D8",1,2022-06-08,578,4,"M","Habituation","W028","I","F","I-F","D8",NA,"keep","keep"
"W028_E1",1,2022-06-08,579,4,"M","Habituation","W028","I","F","I-F","E1",NA,"keep","keep"
"W028_E2",1,2022-06-08,580,4,"M","Habituation","W028","I","F","I-F","E2",NA,"keep","keep"
"W028_E3",1,2022-06-08,581,4,"M","Habituation","W028","I","F","I-F","E3",NA,"keep","keep"
"W028_E4",0,2022-06-08,582,4,"M","Habituation","W028","GS","F","GS-F","E4",NA,"keep","keep"
"W028_E5",0,2022-06-08,583,4,"M","Habituation","W028","GS","F","GS-F","E5",NA,"keep","keep"
"W028_E6",1,2022-06-08,584,4,"M","Habituation","W028","GS","F","GS-F","E6",NA,"keep","keep"
"W028_E7",1,2022-06-08,585,4,"M","Habituation","W028","GS","F","GS-F","E7",NA,"keep","keep"
"W028_E8",0,2022-06-08,586,4,"M","Habituation","W028","GS","F","GS-F","E8",NA,"keep","keep"
"W028_F1",0,2022-06-08,587,4,"M","Habituation","W028","GS","F","GS-F","F1",NA,"keep","keep"
"W028_F2",0,2022-06-08,588,4,"M","Habituation","W028","GS","F","GS-F","F2",NA,"keep","keep"
"W028_F3",0,NA,NA,NA,NA,NA,NA,NA,NA,NA,NA,NA,NA,NA
"W028_F4",0,NA,NA,NA,NA,NA,NA,NA,NA,NA,NA,NA,NA,NA
"W028_F5",0,NA,NA,NA,NA,NA,NA,NA,NA,NA,NA,NA,NA,NA
"W030_A1",1,2022-06-08,589,4,"A","Habituation","W030","I","M","I-M","A1",NA,"keep","keep"
"W030_A2",0,2022-06-08,590,4,"A","Habituation","W030","I","M","I-M","A2",NA,"keep","keep"
"W030_A3",0,2022-06-08,591,4,"A","Habituation","W030","I","M","I-M","A3",NA,"keep","keep"
"W030_A4",1,2022-06-08,592,4,"A","Habituation","W030","I","M","I-M","A4",NA,"keep","keep"
"W030_A5",0,2022-06-08,593,4,"A","Habituation","W030","I","M","I-M","A5",NA,"keep","keep"
"W030_A6",1,2022-06-08,594,4,"A","Habituation","W030","I","M","I-M","A6",NA,"keep","keep"
"W030_A7",1,2022-06-08,595,4,"A","Habituation","W030","I","M","I-M","A7",NA,"keep","keep"
"W030_A8",1,2022-06-08,596,4,"A","Habituation","W030","I","F","I-F","A8",NA,"keep","keep"
"W030_B1",1,2022-06-08,597,4,"A","Habituation","W030","I","F","I-F","B1",NA,"keep","keep"
"W030_B2",0,2022-06-08,598,4,"A","Habituation","W030","I","F","I-F","B2",NA,"keep","keep"
"W030_B3",0,2022-06-08,599,4,"A","Habituation","W030","I","F","I-F","B3",NA,"keep","keep"
"W030_B4",0,2022-06-08,600,4,"A","Habituation","W030","I","F","I-F","B4",NA,"keep","keep"
"W030_B5",1,2022-06-08,601,4,"A","Habituation","W030","I","F","I-F","B5",NA,"keep","keep"
"W030_B6",0,2022-06-08,602,4,"A","Habituation","W030","I","F","I-F","B6",NA,"keep","keep"
"W030_B7",0,2022-06-08,603,4,"A","Habituation","W030","GM","M","GM-M","B7",NA,"keep","keep"
"W030_B8",0,2022-06-08,604,4,"A","Habituation","W030","GM","M","GM-M","B8",NA,"keep","keep"
"W030_C1",0,2022-06-08,605,4,"A","Habituation","W030","GM","M","GM-M","C1",NA,"keep","keep"
"W030_C2",0,2022-06-08,606,4,"A","Habituation","W030","GM","M","GM-M","C2",NA,"keep","keep"
"W030_C3",0,2022-06-08,607,4,"A","Habituation","W030","GM","M","GM-M","C3",NA,"keep","keep"
"W030_C4",0,2022-06-08,608,4,"A","Habituation","W030","GM","M","GM-M","C4",NA,"keep","keep"
"W030_C5",0,2022-06-08,609,4,"A","Habituation","W030","GM","M","GM-M","C5",NA,"keep","keep"
"W030_C6",0,2022-06-08,610,4,"A","Habituation","W030","GS","F","GS-F","C6",NA,"keep","keep"
"W030_C7",0,2022-06-08,611,4,"A","Habituation","W030","GS","F","GS-F","C7",NA,"keep","keep"
"W030_C8",0,2022-06-08,612,4,"A","Habituation","W030","GS","F","GS-F","C8","missing","exclude","exclude"
"W030_D1",0,2022-06-08,613,4,"A","Habituation","W030","GS","F","GS-F","D1",NA,"keep","keep"
"W030_D2",0,2022-06-08,614,4,"A","Habituation","W030","GS","F","GS-F","D2",NA,"keep","keep"
"W030_D3",0,2022-06-08,615,4,"A","Habituation","W030","GS","F","GS-F","D3",NA,"keep","keep"
"W030_D4",0,2022-06-08,616,4,"A","Habituation","W030","GS","F","GS-F","D4",NA,"keep","keep"
"W030_D5",0,2022-06-08,617,4,"A","Habituation","W030","GM","F","GM-F","D5",NA,"keep","keep"
"W030_D6",1,2022-06-08,618,4,"A","Habituation","W030","GM","F","GM-F","D6",NA,"keep","keep"
"W030_D7",0,2022-06-08,619,4,"A","Habituation","W030","GM","F","GM-F","D7",NA,"keep","keep"
"W030_D8",0,2022-06-08,620,4,"A","Habituation","W030","GM","F","GM-F","D8",NA,"keep","keep"
"W030_E1",0,2022-06-08,621,4,"A","Habituation","W030","GM","F","GM-F","E1",NA,"keep","keep"
"W030_E2",0,2022-06-08,622,4,"A","Habituation","W030","GM","F","GM-F","E2",NA,"keep","keep"
"W030_E3",0,2022-06-08,623,4,"A","Habituation","W030","GM","F","GM-F","E3","missing","exclude","exclude"
"W030_E4",0,2022-06-08,624,4,"A","Habituation","W030","GS","M","GS-M","E4",NA,"keep","keep"
"W030_E5",0,2022-06-08,625,4,"A","Habituation","W030","GS","M","GS-M","E5",NA,"keep","keep"
"W030_E6",0,2022-06-08,626,4,"A","Habituation","W030","GS","M","GS-M","E6",NA,"keep","keep"
"W030_E7",0,2022-06-08,627,4,"A","Habituation","W030","GS","M","GS-M","E7",NA,"keep","keep"
"W030_E8",1,2022-06-08,628,4,"A","Habituation","W030","GS","M","GS-M","E8",NA,"keep","keep"
"W030_F1",1,2022-06-08,629,4,"A","Habituation","W030","GS","M","GS-M","F1",NA,"keep","keep"
"W030_F2",1,2022-06-08,630,4,"A","Habituation","W030","GS","M","GS-M","F2",NA,"keep","keep"
"W030_F3",0,NA,NA,NA,NA,NA,NA,NA,NA,NA,NA,NA,NA,NA
"W030_F4",0,NA,NA,NA,NA,NA,NA,NA,NA,NA,NA,NA,NA,NA
"W030_F5",0,NA,NA,NA,NA,NA,NA,NA,NA,NA,NA,NA,NA,NA
"W032_A1",0,2022-06-08,631,4,"A","Habituation","W032","GS","F","GS-F","A1",NA,"keep","keep"
"W032_A2",0,2022-06-08,632,4,"A","Habituation","W032","GS","F","GS-F","A2",NA,"keep","keep"
"W032_A3",0,2022-06-08,633,4,"A","Habituation","W032","GS","F","GS-F","A3",NA,"keep","keep"
"W032_A4",0,2022-06-08,634,4,"A","Habituation","W032","GS","F","GS-F","A4",NA,"keep","keep"
"W032_A5",0,2022-06-08,635,4,"A","Habituation","W032","GS","F","GS-F","A5",NA,"keep","keep"
"W032_A6",0,2022-06-08,636,4,"A","Habituation","W032","GS","F","GS-F","A6",NA,"keep","keep"
"W032_A7",0,2022-06-08,637,4,"A","Habituation","W032","GS","F","GS-F","A7",NA,"keep","keep"
"W032_A8",0,2022-06-08,638,4,"A","Habituation","W032","GM","M","GM-M","A8",NA,"keep","keep"
"W032_B1",0,2022-06-08,639,4,"A","Habituation","W032","GM","M","GM-M","B1",NA,"keep","keep"
"W032_B2",0,2022-06-08,640,4,"A","Habituation","W032","GM","M","GM-M","B2",NA,"keep","keep"
"W032_B3",0,2022-06-08,641,4,"A","Habituation","W032","GM","M","GM-M","B3",NA,"keep","keep"
"W032_B4",0,2022-06-08,642,4,"A","Habituation","W032","GM","M","GM-M","B4",NA,"keep","keep"
"W032_B5",0,2022-06-08,643,4,"A","Habituation","W032","GM","M","GM-M","B5",NA,"keep","keep"
"W032_B6",0,2022-06-08,644,4,"A","Habituation","W032","GM","M","GM-M","B6",NA,"keep","keep"
"W032_B7",0,2022-06-08,645,4,"A","Habituation","W032","I","M","I-M","B7",NA,"keep","keep"
"W032_B8",0,2022-06-08,646,4,"A","Habituation","W032","I","M","I-M","B8",NA,"keep","keep"
"W032_C1",1,2022-06-08,647,4,"A","Habituation","W032","I","M","I-M","C1",NA,"keep","keep"
"W032_C2",0,2022-06-08,648,4,"A","Habituation","W032","I","M","I-M","C2",NA,"keep","keep"
"W032_C3",0,2022-06-08,649,4,"A","Habituation","W032","I","M","I-M","C3",NA,"keep","keep"
"W032_C4",0,2022-06-08,650,4,"A","Habituation","W032","I","M","I-M","C4",NA,"keep","keep"
"W032_C5",0,2022-06-08,651,4,"A","Habituation","W032","I","M","I-M","C5",NA,"keep","keep"
"W032_C6",0,2022-06-08,652,4,"A","Habituation","W032","I","F","I-F","C6",NA,"keep","keep"
"W032_C7",0,2022-06-08,653,4,"A","Habituation","W032","I","F","I-F","C7",NA,"keep","keep"
"W032_C8",1,2022-06-08,654,4,"A","Habituation","W032","I","F","I-F","C8",NA,"keep","keep"
"W032_D1",1,2022-06-08,655,4,"A","Habituation","W032","I","F","I-F","D1",NA,"keep","keep"
"W032_D2",0,2022-06-08,656,4,"A","Habituation","W032","I","F","I-F","D2",NA,"keep","keep"
"W032_D3",0,2022-06-08,657,4,"A","Habituation","W032","I","F","I-F","D3",NA,"keep","keep"
"W032_D4",0,2022-06-08,658,4,"A","Habituation","W032","I","F","I-F","D4",NA,"keep","keep"
"W032_D5",0,2022-06-08,659,4,"A","Habituation","W032","GM","F","GM-F","D5",NA,"keep","keep"
"W032_D6",0,2022-06-08,660,4,"A","Habituation","W032","GM","F","GM-F","D6",NA,"keep","keep"
"W032_D7",0,2022-06-08,661,4,"A","Habituation","W032","GM","F","GM-F","D7",NA,"keep","keep"
"W032_D8",0,2022-06-08,662,4,"A","Habituation","W032","GM","F","GM-F","D8",NA,"keep","keep"
"W032_E1",0,2022-06-08,663,4,"A","Habituation","W032","GM","F","GM-F","E1",NA,"keep","keep"
"W032_E2",0,2022-06-08,664,4,"A","Habituation","W032","GM","F","GM-F","E2",NA,"keep","keep"
"W032_E3",0,2022-06-08,665,4,"A","Habituation","W032","GM","F","GM-F","E3",NA,"keep","keep"
"W032_E4",0,2022-06-08,666,4,"A","Habituation","W032","GS","M","GS-M","E4",NA,"keep","keep"
"W032_E5",0,2022-06-08,667,4,"A","Habituation","W032","GS","M","GS-M","E5",NA,"keep","keep"
"W032_E6",0,2022-06-08,668,4,"A","Habituation","W032","GS","M","GS-M","E6",NA,"keep","keep"
"W032_E7",0,2022-06-08,669,4,"A","Habituation","W032","GS","M","GS-M","E7",NA,"keep","keep"
"W032_E8",0,2022-06-08,670,4,"A","Habituation","W032","GS","M","GS-M","E8",NA,"keep","keep"
"W032_F1",0,2022-06-08,671,4,"A","Habituation","W032","GS","M","GS-M","F1",NA,"keep","keep"
"W032_F2",0,2022-06-08,672,4,"A","Habituation","W032","GS","M","GS-M","F2",NA,"keep","keep"
"W032_F3",0,NA,NA,NA,NA,NA,NA,NA,NA,NA,NA,NA,NA,NA
"W032_F4",0,NA,NA,NA,NA,NA,NA,NA,NA,NA,NA,NA,NA,NA
"W032_F5",0,NA,NA,NA,NA,NA,NA,NA,NA,NA,NA,NA,NA,NA
"W034_A1",0,2022-06-14,673,5,"M","Habituation","W034","I","F","I-F","A1",NA,"keep","keep"
"W034_A2",0,2022-06-14,674,5,"M","Habituation","W034","I","F","I-F","A2",NA,"keep","keep"
"W034_A3",1,2022-06-14,675,5,"M","Habituation","W034","I","F","I-F","A3",NA,"keep","keep"
"W034_A4",0,2022-06-14,676,5,"M","Habituation","W034","I","F","I-F","A4",NA,"keep","keep"
"W034_A5",0,2022-06-14,677,5,"M","Habituation","W034","I","F","I-F","A5",NA,"keep","keep"
"W034_A6",0,2022-06-14,678,5,"M","Habituation","W034","I","F","I-F","A6",NA,"keep","keep"
"W034_A7",0,2022-06-14,679,5,"M","Habituation","W034","I","F","I-F","A7",NA,"keep","keep"
"W034_A8",0,2022-06-14,680,5,"M","Habituation","W034","I","M","I-M","A8",NA,"keep","keep"
"W034_B1",0,2022-06-14,681,5,"M","Habituation","W034","I","M","I-M","B1",NA,"keep","keep"
"W034_B2",0,2022-06-14,682,5,"M","Habituation","W034","I","M","I-M","B2",NA,"keep","keep"
"W034_B3",0,2022-06-14,683,5,"M","Habituation","W034","I","M","I-M","B3",NA,"keep","keep"
"W034_B4",1,2022-06-14,684,5,"M","Habituation","W034","I","M","I-M","B4",NA,"keep","keep"
"W034_B5",1,2022-06-14,685,5,"M","Habituation","W034","I","M","I-M","B5",NA,"keep","keep"
"W034_B6",0,2022-06-14,686,5,"M","Habituation","W034","I","M","I-M","B6",NA,"keep","keep"
"W034_B7",0,2022-06-14,687,5,"M","Habituation","W034","GS","M","GS-M","B7",NA,"keep","keep"
"W034_B8",0,2022-06-14,688,5,"M","Habituation","W034","GS","M","GS-M","B8",NA,"keep","keep"
"W034_C1",0,2022-06-14,689,5,"M","Habituation","W034","GS","M","GS-M","C1",NA,"keep","keep"
"W034_C2",0,2022-06-14,690,5,"M","Habituation","W034","GS","M","GS-M","C2",NA,"keep","keep"
"W034_C3",0,2022-06-14,691,5,"M","Habituation","W034","GS","M","GS-M","C3",NA,"keep","keep"
"W034_C4",0,2022-06-14,692,5,"M","Habituation","W034","GS","M","GS-M","C4",NA,"keep","keep"
"W034_C5",0,2022-06-14,693,5,"M","Habituation","W034","GS","M","GS-M","C5",NA,"keep","keep"
"W034_C6",0,2022-06-14,694,5,"M","Habituation","W034","GM","M","GM-M","C6",NA,"keep","keep"
"W034_C7",0,2022-06-14,695,5,"M","Habituation","W034","GM","M","GM-M","C7",NA,"keep","keep"
"W034_C8",0,2022-06-14,696,5,"M","Habituation","W034","GM","M","GM-M","C8",NA,"keep","keep"
"W034_D1",1,2022-06-14,697,5,"M","Habituation","W034","GM","M","GM-M","D1",NA,"keep","keep"
"W034_D2",0,2022-06-14,698,5,"M","Habituation","W034","GM","M","GM-M","D2",NA,"keep","keep"
"W034_D3",0,2022-06-14,699,5,"M","Habituation","W034","GM","M","GM-M","D3",NA,"keep","keep"
"W034_D4",0,2022-06-14,700,5,"M","Habituation","W034","GM","M","GM-M","D4",NA,"keep","keep"
"W034_D5",0,2022-06-14,701,5,"M","Habituation","W034","GS","F","GS-F","D5",NA,"keep","keep"
"W034_D6",0,2022-06-14,702,5,"M","Habituation","W034","GS","F","GS-F","D6",NA,"keep","keep"
"W034_D7",0,2022-06-14,703,5,"M","Habituation","W034","GS","F","GS-F","D7",NA,"keep","keep"
"W034_D8",0,2022-06-14,704,5,"M","Habituation","W034","GS","F","GS-F","D8",NA,"keep","keep"
"W034_E1",1,2022-06-14,705,5,"M","Habituation","W034","GS","F","GS-F","E1",NA,"keep","keep"
"W034_E2",0,2022-06-14,706,5,"M","Habituation","W034","GS","F","GS-F","E2",NA,"keep","keep"
"W034_E3",0,2022-06-14,707,5,"M","Habituation","W034","GS","F","GS-F","E3",NA,"keep","keep"
"W034_E4",0,2022-06-14,708,5,"M","Habituation","W034","GM","F","GM-F","E4",NA,"keep","keep"
"W034_E5",0,2022-06-14,709,5,"M","Habituation","W034","GM","F","GM-F","E5",NA,"keep","keep"
"W034_E6",0,2022-06-14,710,5,"M","Habituation","W034","GM","F","GM-F","E6",NA,"keep","keep"
"W034_E7",0,2022-06-14,711,5,"M","Habituation","W034","GM","F","GM-F","E7",NA,"keep","keep"
"W034_E8",0,2022-06-14,712,5,"M","Habituation","W034","GM","F","GM-F","E8",NA,"keep","keep"
"W034_F1",0,2022-06-14,713,5,"M","Habituation","W034","GM","F","GM-F","F1","dead","exclude","exclude"
"W034_F2",1,2022-06-14,714,5,"M","Habituation","W034","GM","F","GM-F","F2",NA,"keep","keep"
"W034_F3",0,NA,NA,NA,NA,NA,NA,NA,NA,NA,NA,NA,NA,NA
"W034_F4",0,NA,NA,NA,NA,NA,NA,NA,NA,NA,NA,NA,NA,NA
"W034_F5",0,NA,NA,NA,NA,NA,NA,NA,NA,NA,NA,NA,NA,NA
"W036_A1",0,2022-06-14,715,5,"M","Habituation","W036","I","F","I-F","A1",NA,"keep","keep"
"W036_A2",0,2022-06-14,716,5,"M","Habituation","W036","I","F","I-F","A2",NA,"keep","keep"
"W036_A3",0,2022-06-14,717,5,"M","Habituation","W036","I","F","I-F","A3",NA,"keep","keep"
"W036_A4",0,2022-06-14,718,5,"M","Habituation","W036","I","F","I-F","A4",NA,"keep","keep"
"W036_A5",0,2022-06-14,719,5,"M","Habituation","W036","I","F","I-F","A5",NA,"keep","keep"
"W036_A6",0,2022-06-14,720,5,"M","Habituation","W036","I","F","I-F","A6",NA,"keep","keep"
"W036_A7",0,2022-06-14,721,5,"M","Habituation","W036","I","F","I-F","A7",NA,"keep","keep"
"W036_A8",1,2022-06-14,722,5,"M","Habituation","W036","GS","F","GS-F","A8",NA,"keep","keep"
"W036_B1",0,2022-06-14,723,5,"M","Habituation","W036","GS","F","GS-F","B1",NA,"keep","keep"
"W036_B2",1,2022-06-14,724,5,"M","Habituation","W036","GS","F","GS-F","B2",NA,"keep","keep"
"W036_B3",0,2022-06-14,725,5,"M","Habituation","W036","GS","F","GS-F","B3",NA,"keep","keep"
"W036_B4",0,2022-06-14,726,5,"M","Habituation","W036","GS","F","GS-F","B4",NA,"keep","keep"
"W036_B5",0,2022-06-14,727,5,"M","Habituation","W036","GS","F","GS-F","B5",NA,"keep","keep"
"W036_B6",1,2022-06-14,728,5,"M","Habituation","W036","GS","F","GS-F","B6",NA,"keep","keep"
"W036_B7",1,2022-06-14,729,5,"M","Habituation","W036","GS","M","GS-M","B7",NA,"keep","keep"
"W036_B8",0,2022-06-14,730,5,"M","Habituation","W036","GS","M","GS-M","B8",NA,"keep","keep"
"W036_C1",0,2022-06-14,731,5,"M","Habituation","W036","GS","M","GS-M","C1",NA,"keep","keep"
"W036_C2",0,2022-06-14,732,5,"M","Habituation","W036","GS","M","GS-M","C2",NA,"keep","keep"
"W036_C3",0,2022-06-14,733,5,"M","Habituation","W036","GS","M","GS-M","C3",NA,"keep","keep"
"W036_C4",0,2022-06-14,734,5,"M","Habituation","W036","GS","M","GS-M","C4",NA,"keep","keep"
"W036_C5",0,2022-06-14,735,5,"M","Habituation","W036","GS","M","GS-M","C5",NA,"keep","keep"
"W036_C6",0,2022-06-14,736,5,"M","Habituation","W036","GM","M","GM-M","C6",NA,"keep","keep"
"W036_C7",0,2022-06-14,737,5,"M","Habituation","W036","GM","M","GM-M","C7",NA,"keep","keep"
"W036_C8",0,2022-06-14,738,5,"M","Habituation","W036","GM","M","GM-M","C8",NA,"keep","keep"
"W036_D1",0,2022-06-14,739,5,"M","Habituation","W036","GM","M","GM-M","D1",NA,"keep","keep"
"W036_D2",0,2022-06-14,740,5,"M","Habituation","W036","GM","M","GM-M","D2",NA,"keep","keep"
"W036_D3",0,2022-06-14,741,5,"M","Habituation","W036","GM","M","GM-M","D3",NA,"keep","keep"
"W036_D4",0,2022-06-14,742,5,"M","Habituation","W036","GM","M","GM-M","D4",NA,"keep","keep"
"W036_D5",0,2022-06-14,743,5,"M","Habituation","W036","GM","F","GM-F","D5",NA,"keep","keep"
"W036_D6",1,2022-06-14,744,5,"M","Habituation","W036","GM","F","GM-F","D6",NA,"keep","keep"
"W036_D7",0,2022-06-14,745,5,"M","Habituation","W036","GM","F","GM-F","D7",NA,"keep","keep"
"W036_D8",0,2022-06-14,746,5,"M","Habituation","W036","GM","F","GM-F","D8",NA,"keep","keep"
"W036_E1",0,2022-06-14,747,5,"M","Habituation","W036","GM","F","GM-F","E1",NA,"keep","keep"
"W036_E2",0,2022-06-14,748,5,"M","Habituation","W036","GM","F","GM-F","E2",NA,"keep","keep"
"W036_E3",0,2022-06-14,749,5,"M","Habituation","W036","GM","F","GM-F","E3",NA,"keep","keep"
"W036_E4",1,2022-06-14,750,5,"M","Habituation","W036","I","M","I-M","E4",NA,"keep","keep"
"W036_E5",0,2022-06-14,751,5,"M","Habituation","W036","I","M","I-M","E5",NA,"keep","keep"
"W036_E6",0,2022-06-14,752,5,"M","Habituation","W036","I","M","I-M","E6",NA,"keep","keep"
"W036_E7",0,2022-06-14,753,5,"M","Habituation","W036","I","M","I-M","E7",NA,"keep","keep"
"W036_E8",0,2022-06-14,754,5,"M","Habituation","W036","I","M","I-M","E8",NA,"keep","keep"
"W036_F1",0,2022-06-14,755,5,"M","Habituation","W036","I","M","I-M","F1",NA,"keep","keep"
"W036_F2",0,2022-06-14,756,5,"M","Habituation","W036","I","M","I-M","F2",NA,"keep","keep"
"W036_F3",0,NA,NA,NA,NA,NA,NA,NA,NA,NA,NA,NA,NA,NA
"W036_F4",0,NA,NA,NA,NA,NA,NA,NA,NA,NA,NA,NA,NA,NA
"W036_F5",0,NA,NA,NA,NA,NA,NA,NA,NA,NA,NA,NA,NA,NA
"W038_A1",0,2022-06-14,757,5,"A","Habituation","W038","I","M","I-M","A1",NA,"keep","keep"
"W038_A2",0,2022-06-14,758,5,"A","Habituation","W038","I","M","I-M","A2",NA,"keep","keep"
"W038_A3",1,2022-06-14,759,5,"A","Habituation","W038","I","M","I-M","A3",NA,"keep","keep"
"W038_A4",1,2022-06-14,760,5,"A","Habituation","W038","I","M","I-M","A4",NA,"keep","keep"
"W038_A5",1,2022-06-14,761,5,"A","Habituation","W038","I","M","I-M","A5",NA,"keep","keep"
"W038_A6",0,2022-06-14,762,5,"A","Habituation","W038","I","M","I-M","A6",NA,"keep","keep"
"W038_A7",0,2022-06-14,763,5,"A","Habituation","W038","I","M","I-M","A7",NA,"keep","keep"
"W038_A8",0,2022-06-14,764,5,"A","Habituation","W038","GM","M","GM-M","A8",NA,"keep","keep"
"W038_B1",0,2022-06-14,765,5,"A","Habituation","W038","GM","M","GM-M","B1",NA,"keep","keep"
"W038_B2",0,2022-06-14,766,5,"A","Habituation","W038","GM","M","GM-M","B2",NA,"keep","keep"
"W038_B3",0,2022-06-14,767,5,"A","Habituation","W038","GM","M","GM-M","B3",NA,"keep","keep"
"W038_B4",0,2022-06-14,768,5,"A","Habituation","W038","GM","M","GM-M","B4",NA,"keep","keep"
"W038_B5",1,2022-06-14,769,5,"A","Habituation","W038","GM","M","GM-M","B5",NA,"keep","keep"
"W038_B6",0,2022-06-14,770,5,"A","Habituation","W038","GM","M","GM-M","B6",NA,"keep","keep"
"W038_B7",0,2022-06-14,771,5,"A","Habituation","W038","GS","F","GS-F","B7",NA,"keep","keep"
"W038_B8",0,2022-06-14,772,5,"A","Habituation","W038","GS","F","GS-F","B8",NA,"keep","keep"
"W038_C1",1,2022-06-14,773,5,"A","Habituation","W038","GS","F","GS-F","C1",NA,"keep","keep"
"W038_C2",0,2022-06-14,774,5,"A","Habituation","W038","GS","F","GS-F","C2",NA,"keep","keep"
"W038_C3",1,2022-06-14,775,5,"A","Habituation","W038","GS","F","GS-F","C3",NA,"keep","keep"
"W038_C4",0,2022-06-14,776,5,"A","Habituation","W038","GS","F","GS-F","C4",NA,"keep","keep"
"W038_C5",1,2022-06-14,777,5,"A","Habituation","W038","GS","F","GS-F","C5",NA,"keep","keep"
"W038_C6",0,2022-06-14,778,5,"A","Habituation","W038","GS","M","GS-M","C6",NA,"keep","keep"
"W038_C7",0,2022-06-14,779,5,"A","Habituation","W038","GS","M","GS-M","C7",NA,"keep","keep"
"W038_C8",0,2022-06-14,780,5,"A","Habituation","W038","GS","M","GS-M","C8",NA,"keep","keep"
"W038_D1",1,2022-06-14,781,5,"A","Habituation","W038","GS","M","GS-M","D1",NA,"keep","keep"
"W038_D2",0,2022-06-14,782,5,"A","Habituation","W038","GS","M","GS-M","D2",NA,"keep","keep"
"W038_D3",0,2022-06-14,783,5,"A","Habituation","W038","GS","M","GS-M","D3",NA,"keep","keep"
"W038_D4",1,2022-06-14,784,5,"A","Habituation","W038","GS","M","GS-M","D4",NA,"keep","keep"
"W038_D5",1,2022-06-14,785,5,"A","Habituation","W038","I","F","I-F","D5",NA,"keep","keep"
"W038_D6",0,2022-06-14,786,5,"A","Habituation","W038","I","F","I-F","D6",NA,"keep","keep"
"W038_D7",1,2022-06-14,787,5,"A","Habituation","W038","I","F","I-F","D7",NA,"keep","keep"
"W038_D8",1,2022-06-14,788,5,"A","Habituation","W038","I","F","I-F","D8",NA,"keep","keep"
"W038_E1",0,2022-06-14,789,5,"A","Habituation","W038","I","F","I-F","E1",NA,"keep","keep"
"W038_E2",0,2022-06-14,790,5,"A","Habituation","W038","I","F","I-F","E2",NA,"keep","keep"
"W038_E3",1,2022-06-14,791,5,"A","Habituation","W038","I","F","I-F","E3","exclude - may have switched with F2","exclude","exclude"
"W038_E4",0,2022-06-14,792,5,"A","Habituation","W038","GM","F","GM-F","E4",NA,"keep","keep"
"W038_E5",0,2022-06-14,793,5,"A","Habituation","W038","GM","F","GM-F","E5",NA,"keep","keep"
"W038_E6",0,2022-06-14,794,5,"A","Habituation","W038","GM","F","GM-F","E6",NA,"keep","keep"
"W038_E7",0,2022-06-14,795,5,"A","Habituation","W038","GM","F","GM-F","E7",NA,"keep","keep"
"W038_E8",0,2022-06-14,796,5,"A","Habituation","W038","GM","F","GM-F","E8",NA,"keep","keep"
"W038_F1",0,2022-06-14,797,5,"A","Habituation","W038","GM","F","GM-F","F1",NA,"keep","keep"
"W038_F2",0,2022-06-14,798,5,"A","Habituation","W038","GM","F","GM-F","F2","exclude - may have switched with F3","exclude","exclude"
"W038_F3",0,NA,NA,NA,NA,NA,NA,NA,NA,NA,NA,NA,NA,NA
"W038_F4",0,NA,NA,NA,NA,NA,NA,NA,NA,NA,NA,NA,NA,NA
"W038_F5",0,NA,NA,NA,NA,NA,NA,NA,NA,NA,NA,NA,NA,NA
"W040_A1",0,2022-06-14,799,5,"A","Habituation","W040","GM","F","GM-F","A1",NA,"keep","keep"
"W040_A2",0,2022-06-14,800,5,"A","Habituation","W040","GM","F","GM-F","A2",NA,"keep","keep"
"W040_A3",1,2022-06-14,801,5,"A","Habituation","W040","GM","F","GM-F","A3",NA,"keep","keep"
"W040_A4",0,2022-06-14,802,5,"A","Habituation","W040","GM","F","GM-F","A4",NA,"keep","keep"
"W040_A5",0,2022-06-14,803,5,"A","Habituation","W040","GM","F","GM-F","A5",NA,"keep","keep"
"W040_A6",0,2022-06-14,804,5,"A","Habituation","W040","GM","F","GM-F","A6",NA,"keep","keep"
"W040_A7",0,2022-06-14,805,5,"A","Habituation","W040","GM","F","GM-F","A7",NA,"keep","keep"
"W040_A8",0,2022-06-14,806,5,"A","Habituation","W040","I","M","I-M","A8",NA,"keep","keep"
"W040_B1",0,2022-06-14,807,5,"A","Habituation","W040","I","M","I-M","B1",NA,"keep","keep"
"W040_B2",0,2022-06-14,808,5,"A","Habituation","W040","I","M","I-M","B2",NA,"keep","keep"
"W040_B3",0,2022-06-14,809,5,"A","Habituation","W040","I","M","I-M","B3",NA,"keep","keep"
"W040_B4",0,2022-06-14,810,5,"A","Habituation","W040","I","M","I-M","B4",NA,"keep","keep"
"W040_B5",0,2022-06-14,811,5,"A","Habituation","W040","I","M","I-M","B5",NA,"keep","keep"
"W040_B6",0,2022-06-14,812,5,"A","Habituation","W040","I","M","I-M","B6",NA,"keep","keep"
"W040_B7",0,2022-06-14,813,5,"A","Habituation","W040","GS","M","GS-M","B7",NA,"keep","keep"
"W040_B8",0,2022-06-14,814,5,"A","Habituation","W040","GS","M","GS-M","B8",NA,"keep","keep"
"W040_C1",1,2022-06-14,815,5,"A","Habituation","W040","GS","M","GS-M","C1",NA,"keep","keep"
"W040_C2",0,2022-06-14,816,5,"A","Habituation","W040","GS","M","GS-M","C2",NA,"keep","keep"
"W040_C3",1,2022-06-14,817,5,"A","Habituation","W040","GS","M","GS-M","C3",NA,"keep","keep"
"W040_C4",1,2022-06-14,818,5,"A","Habituation","W040","GS","M","GS-M","C4",NA,"keep","keep"
"W040_C5",0,2022-06-14,819,5,"A","Habituation","W040","GS","M","GS-M","C5",NA,"keep","keep"
"W040_C6",0,2022-06-14,820,5,"A","Habituation","W040","GM","M","GM-M","C6",NA,"keep","keep"
"W040_C7",0,2022-06-14,821,5,"A","Habituation","W040","GM","M","GM-M","C7",NA,"keep","keep"
"W040_C8",0,2022-06-14,822,5,"A","Habituation","W040","GM","M","GM-M","C8",NA,"keep","keep"
"W040_D1",0,2022-06-14,823,5,"A","Habituation","W040","GM","M","GM-M","D1",NA,"keep","keep"
"W040_D2",0,2022-06-14,824,5,"A","Habituation","W040","GM","M","GM-M","D2",NA,"keep","keep"
"W040_D3",0,2022-06-14,825,5,"A","Habituation","W040","GM","M","GM-M","D3",NA,"keep","keep"
"W040_D4",0,2022-06-14,826,5,"A","Habituation","W040","GM","M","GM-M","D4",NA,"keep","keep"
"W040_D5",0,2022-06-14,827,5,"A","Habituation","W040","GS","F","GS-F","D5",NA,"keep","keep"
"W040_D6",0,2022-06-14,828,5,"A","Habituation","W040","GS","F","GS-F","D6",NA,"keep","keep"
"W040_D7",0,2022-06-14,829,5,"A","Habituation","W040","GS","F","GS-F","D7",NA,"keep","keep"
"W040_D8",0,2022-06-14,830,5,"A","Habituation","W040","GS","F","GS-F","D8",NA,"keep","keep"
"W040_E1",0,2022-06-14,831,5,"A","Habituation","W040","GS","F","GS-F","E1",NA,"keep","keep"
"W040_E2",0,2022-06-14,832,5,"A","Habituation","W040","GS","F","GS-F","E2",NA,"keep","keep"
"W040_E3",0,2022-06-14,833,5,"A","Habituation","W040","GS","F","GS-F","E3",NA,"keep","keep"
"W040_E4",0,2022-06-14,834,5,"A","Habituation","W040","I","F","I-F","E4",NA,"keep","keep"
"W040_E5",0,2022-06-14,835,5,"A","Habituation","W040","I","F","I-F","E5",NA,"keep","keep"
"W040_E6",0,2022-06-14,836,5,"A","Habituation","W040","I","F","I-F","E6",NA,"keep","keep"
"W040_E7",0,2022-06-14,837,5,"A","Habituation","W040","I","F","I-F","E7",NA,"keep","keep"
"W040_E8",0,2022-06-14,838,5,"A","Habituation","W040","I","F","I-F","E8",NA,"keep","keep"
"W040_F1",0,2022-06-14,839,5,"A","Habituation","W040","I","F","I-F","F1",NA,"keep","keep"
"W040_F2",0,2022-06-14,840,5,"A","Habituation","W040","I","F","I-F","F2",NA,"keep","keep"
"W040_F3",0,NA,NA,NA,NA,NA,NA,NA,NA,NA,NA,NA,NA,NA
"W040_F4",0,NA,NA,NA,NA,NA,NA,NA,NA,NA,NA,NA,NA,NA
"W040_F5",0,NA,NA,NA,NA,NA,NA,NA,NA,NA,NA,NA,NA,NA
"W042_A1",0,2022-06-16,841,6,"M","Habituation","W042","GM","F","GM-F","A1",NA,"keep","keep"
"W042_A2",0,2022-06-16,842,6,"M","Habituation","W042","GM","F","GM-F","A2",NA,"keep","keep"
"W042_A3",0,2022-06-16,843,6,"M","Habituation","W042","GM","F","GM-F","A3",NA,"keep","keep"
"W042_A4",0,2022-06-16,844,6,"M","Habituation","W042","GM","F","GM-F","A4",NA,"keep","keep"
"W042_A5",1,2022-06-16,845,6,"M","Habituation","W042","GM","F","GM-F","A5",NA,"keep","keep"
"W042_A6",0,2022-06-16,846,6,"M","Habituation","W042","GM","F","GM-F","A6",NA,"keep","keep"
"W042_A7",0,2022-06-16,847,6,"M","Habituation","W042","GM","F","GM-F","A7",NA,"keep","keep"
"W042_A8",0,2022-06-16,848,6,"M","Habituation","W042","GS","M","GS-M","A8",NA,"keep","keep"
"W042_B1",0,2022-06-16,849,6,"M","Habituation","W042","GS","M","GS-M","B1",NA,"keep","keep"
"W042_B2",0,2022-06-16,850,6,"M","Habituation","W042","GS","M","GS-M","B2",NA,"keep","keep"
"W042_B3",0,2022-06-16,851,6,"M","Habituation","W042","GS","M","GS-M","B3",NA,"keep","keep"
"W042_B4",0,2022-06-16,852,6,"M","Habituation","W042","GS","M","GS-M","B4",NA,"keep","keep"
"W042_B5",0,2022-06-16,853,6,"M","Habituation","W042","GS","M","GS-M","B5",NA,"keep","keep"
"W042_B6",0,2022-06-16,854,6,"M","Habituation","W042","GS","M","GS-M","B6",NA,"keep","keep"
"W042_B7",0,2022-06-16,855,6,"M","Habituation","W042","GM","M","GM-M","B7",NA,"keep","keep"
"W042_B8",0,2022-06-16,856,6,"M","Habituation","W042","GM","M","GM-M","B8",NA,"keep","keep"
"W042_C1",0,2022-06-16,857,6,"M","Habituation","W042","GM","M","GM-M","C1",NA,"keep","keep"
"W042_C2",1,2022-06-16,858,6,"M","Habituation","W042","GM","M","GM-M","C2",NA,"keep","keep"
"W042_C3",0,2022-06-16,859,6,"M","Habituation","W042","GM","M","GM-M","C3",NA,"keep","keep"
"W042_C4",0,2022-06-16,860,6,"M","Habituation","W042","GM","M","GM-M","C4",NA,"keep","keep"
"W042_C5",0,2022-06-16,861,6,"M","Habituation","W042","GM","M","GM-M","C5",NA,"keep","keep"
"W042_C6",0,2022-06-16,862,6,"M","Habituation","W042","I","F","I-F","C6",NA,"keep","keep"
"W042_C7",0,2022-06-16,863,6,"M","Habituation","W042","I","F","I-F","C7",NA,"keep","keep"
"W042_C8",0,2022-06-16,864,6,"M","Habituation","W042","I","F","I-F","C8",NA,"keep","keep"
"W042_D1",0,2022-06-16,865,6,"M","Habituation","W042","I","F","I-F","D1",NA,"keep","keep"
"W042_D2",0,2022-06-16,866,6,"M","Habituation","W042","I","F","I-F","D2",NA,"keep","keep"
"W042_D3",0,2022-06-16,867,6,"M","Habituation","W042","I","F","I-F","D3",NA,"keep","keep"
"W042_D4",0,2022-06-16,868,6,"M","Habituation","W042","I","F","I-F","D4",NA,"keep","keep"
"W042_D5",0,2022-06-16,869,6,"M","Habituation","W042","I","M","I-M","D5",NA,"keep","keep"
"W042_D6",0,2022-06-16,870,6,"M","Habituation","W042","I","M","I-M","D6",NA,"keep","keep"
"W042_D7",0,2022-06-16,871,6,"M","Habituation","W042","I","M","I-M","D7",NA,"keep","keep"
"W042_D8",0,2022-06-16,872,6,"M","Habituation","W042","I","M","I-M","D8",NA,"keep","keep"
"W042_E1",0,2022-06-16,873,6,"M","Habituation","W042","I","M","I-M","E1",NA,"keep","keep"
"W042_E2",0,2022-06-16,874,6,"M","Habituation","W042","I","M","I-M","E2",NA,"keep","keep"
"W042_E3",0,2022-06-16,875,6,"M","Habituation","W042","I","M","I-M","E3",NA,"keep","keep"
"W042_E4",0,2022-06-16,876,6,"M","Habituation","W042","GS","F","GS-F","E4",NA,"keep","keep"
"W042_E5",0,2022-06-16,877,6,"M","Habituation","W042","GS","F","GS-F","E5",NA,"keep","keep"
"W042_E6",0,2022-06-16,878,6,"M","Habituation","W042","GS","F","GS-F","E6",NA,"keep","keep"
"W042_E7",0,2022-06-16,879,6,"M","Habituation","W042","GS","F","GS-F","E7",NA,"keep","keep"
"W042_E8",0,2022-06-16,880,6,"M","Habituation","W042","GS","F","GS-F","E8",NA,"keep","keep"
"W042_F1",0,2022-06-16,881,6,"M","Habituation","W042","GS","F","GS-F","F1",NA,"keep","keep"
"W042_F2",0,2022-06-16,882,6,"M","Habituation","W042","GS","F","GS-F","F2",NA,"keep","keep"
"W042_F3",0,NA,NA,NA,NA,NA,NA,NA,NA,NA,NA,NA,NA,NA
"W042_F4",0,NA,NA,NA,NA,NA,NA,NA,NA,NA,NA,NA,NA,NA
"W042_F5",0,NA,NA,NA,NA,NA,NA,NA,NA,NA,NA,NA,NA,NA
"W044_A1",0,2022-06-16,883,6,"M","Habituation","W044","GS","F","GS-F","A1",NA,"keep","keep"
"W044_A2",1,2022-06-16,884,6,"M","Habituation","W044","GS","F","GS-F","A2",NA,"keep","keep"
"W044_A3",1,2022-06-16,885,6,"M","Habituation","W044","GS","F","GS-F","A3",NA,"keep","keep"
"W044_A4",1,2022-06-16,886,6,"M","Habituation","W044","GS","F","GS-F","A4",NA,"keep","keep"
"W044_A5",1,2022-06-16,887,6,"M","Habituation","W044","GS","F","GS-F","A5",NA,"keep","keep"
"W044_A6",0,2022-06-16,888,6,"M","Habituation","W044","GS","F","GS-F","A6",NA,"keep","keep"
"W044_A7",0,2022-06-16,889,6,"M","Habituation","W044","GS","F","GS-F","A7",NA,"keep","keep"
"W044_A8",1,2022-06-16,890,6,"M","Habituation","W044","I","F","I-F","A8",NA,"keep","keep"
"W044_B1",1,2022-06-16,891,6,"M","Habituation","W044","I","F","I-F","B1",NA,"keep","keep"
"W044_B2",0,2022-06-16,892,6,"M","Habituation","W044","I","F","I-F","B2",NA,"keep","keep"
"W044_B3",1,2022-06-16,893,6,"M","Habituation","W044","I","F","I-F","B3",NA,"keep","keep"
"W044_B4",1,2022-06-16,894,6,"M","Habituation","W044","I","F","I-F","B4",NA,"keep","keep"
"W044_B5",0,2022-06-16,895,6,"M","Habituation","W044","I","F","I-F","B5",NA,"keep","keep"
"W044_B6",0,2022-06-16,896,6,"M","Habituation","W044","I","F","I-F","B6","missing","exclude","exclude"
"W044_B7",0,2022-06-16,897,6,"M","Habituation","W044","GM","F","GM-F","B7",NA,"keep","keep"
"W044_B8",0,2022-06-16,898,6,"M","Habituation","W044","GM","F","GM-F","B8",NA,"keep","keep"
"W044_C1",1,2022-06-16,899,6,"M","Habituation","W044","GM","F","GM-F","C1",NA,"keep","keep"
"W044_C2",0,2022-06-16,900,6,"M","Habituation","W044","GM","F","GM-F","C2",NA,"keep","keep"
"W044_C3",0,2022-06-16,901,6,"M","Habituation","W044","GM","F","GM-F","C3",NA,"keep","keep"
"W044_C4",0,2022-06-16,902,6,"M","Habituation","W044","GM","F","GM-F","C4",NA,"keep","keep"
"W044_C5",0,2022-06-16,903,6,"M","Habituation","W044","GM","F","GM-F","C5",NA,"keep","keep"
"W044_C6",1,2022-06-16,904,6,"M","Habituation","W044","GS","M","GS-M","C6",NA,"keep","keep"
"W044_C7",0,2022-06-16,905,6,"M","Habituation","W044","GS","M","GS-M","C7",NA,"keep","keep"
"W044_C8",0,2022-06-16,906,6,"M","Habituation","W044","GS","M","GS-M","C8",NA,"keep","keep"
"W044_D1",0,2022-06-16,907,6,"M","Habituation","W044","GS","M","GS-M","D1",NA,"keep","keep"
"W044_D2",0,2022-06-16,908,6,"M","Habituation","W044","GS","M","GS-M","D2",NA,"keep","keep"
"W044_D3",0,2022-06-16,909,6,"M","Habituation","W044","GS","M","GS-M","D3",NA,"keep","keep"
"W044_D4",0,2022-06-16,910,6,"M","Habituation","W044","GS","M","GS-M","D4",NA,"keep","keep"
"W044_D5",0,2022-06-16,911,6,"M","Habituation","W044","GM","M","GM-M","D5",NA,"keep","keep"
"W044_D6",0,2022-06-16,912,6,"M","Habituation","W044","GM","M","GM-M","D6",NA,"keep","keep"
"W044_D7",1,2022-06-16,913,6,"M","Habituation","W044","GM","M","GM-M","D7",NA,"keep","keep"
"W044_D8",0,2022-06-16,914,6,"M","Habituation","W044","GM","M","GM-M","D8",NA,"keep","keep"
"W044_E1",0,2022-06-16,915,6,"M","Habituation","W044","GM","M","GM-M","E1",NA,"keep","keep"
"W044_E2",0,2022-06-16,916,6,"M","Habituation","W044","GM","M","GM-M","E2",NA,"keep","keep"
"W044_E3",0,2022-06-16,917,6,"M","Habituation","W044","GM","M","GM-M","E3",NA,"keep","keep"
"W044_E4",1,2022-06-16,918,6,"M","Habituation","W044","I","M","I-M","E4",NA,"keep","keep"
"W044_E5",1,2022-06-16,919,6,"M","Habituation","W044","I","M","I-M","E5",NA,"keep","keep"
"W044_E6",0,2022-06-16,920,6,"M","Habituation","W044","I","M","I-M","E6",NA,"keep","keep"
"W044_E7",0,2022-06-16,921,6,"M","Habituation","W044","I","M","I-M","E7",NA,"keep","keep"
"W044_E8",0,2022-06-16,922,6,"M","Habituation","W044","I","M","I-M","E8",NA,"keep","keep"
"W044_F1",1,2022-06-16,923,6,"M","Habituation","W044","I","M","I-M","F1",NA,"keep","keep"
"W044_F2",0,2022-06-16,924,6,"M","Habituation","W044","I","M","I-M","F2",NA,"keep","keep"
"W044_F3",0,NA,NA,NA,NA,NA,NA,NA,NA,NA,NA,NA,NA,NA
"W044_F4",0,NA,NA,NA,NA,NA,NA,NA,NA,NA,NA,NA,NA,NA
"W044_F5",0,NA,NA,NA,NA,NA,NA,NA,NA,NA,NA,NA,NA,NA
"W046_A1",0,2022-06-16,925,6,"A","Habituation","W046","I","F","I-F","A1",NA,"keep","keep"
"W046_A2",0,2022-06-16,926,6,"A","Habituation","W046","I","F","I-F","A2",NA,"keep","keep"
"W046_A3",0,2022-06-16,927,6,"A","Habituation","W046","I","F","I-F","A3",NA,"keep","keep"
"W046_A4",0,2022-06-16,928,6,"A","Habituation","W046","I","F","I-F","A4",NA,"keep","keep"
"W046_A5",0,2022-06-16,929,6,"A","Habituation","W046","I","F","I-F","A5",NA,"keep","keep"
"W046_A6",0,2022-06-16,930,6,"A","Habituation","W046","I","F","I-F","A6",NA,"keep","keep"
"W046_A7",0,2022-06-16,931,6,"A","Habituation","W046","I","F","I-F","A7",NA,"keep","keep"
"W046_A8",1,2022-06-16,932,6,"A","Habituation","W046","GM","M","GM-M","A8",NA,"keep","keep"
"W046_B1",0,2022-06-16,933,6,"A","Habituation","W046","GM","M","GM-M","B1",NA,"keep","keep"
"W046_B2",0,2022-06-16,934,6,"A","Habituation","W046","GM","M","GM-M","B2",NA,"keep","keep"
"W046_B3",0,2022-06-16,935,6,"A","Habituation","W046","GM","M","GM-M","B3",NA,"keep","keep"
"W046_B4",0,2022-06-16,936,6,"A","Habituation","W046","GM","M","GM-M","B4",NA,"keep","keep"
"W046_B5",0,2022-06-16,937,6,"A","Habituation","W046","GM","M","GM-M","B5",NA,"keep","keep"
"W046_B6",0,2022-06-16,938,6,"A","Habituation","W046","GM","M","GM-M","B6",NA,"keep","keep"
"W046_B7",0,2022-06-16,939,6,"A","Habituation","W046","I","M","I-M","B7",NA,"keep","keep"
"W046_B8",0,2022-06-16,940,6,"A","Habituation","W046","I","M","I-M","B8",NA,"keep","keep"
"W046_C1",1,2022-06-16,941,6,"A","Habituation","W046","I","M","I-M","C1",NA,"keep","keep"
"W046_C2",0,2022-06-16,942,6,"A","Habituation","W046","I","M","I-M","C2",NA,"keep","keep"
"W046_C3",1,2022-06-16,943,6,"A","Habituation","W046","I","M","I-M","C3",NA,"keep","keep"
"W046_C4",1,2022-06-16,944,6,"A","Habituation","W046","I","M","I-M","C4",NA,"keep","keep"
"W046_C5",1,2022-06-16,945,6,"A","Habituation","W046","I","M","I-M","C5",NA,"keep","keep"
"W046_C6",0,2022-06-16,946,6,"A","Habituation","W046","GS","M","GS-M","C6",NA,"keep","keep"
"W046_C7",0,2022-06-16,947,6,"A","Habituation","W046","GS","M","GS-M","C7",NA,"keep","keep"
"W046_C8",0,2022-06-16,948,6,"A","Habituation","W046","GS","M","GS-M","C8",NA,"keep","keep"
"W046_D1",0,2022-06-16,949,6,"A","Habituation","W046","GS","M","GS-M","D1",NA,"keep","keep"
"W046_D2",0,2022-06-16,950,6,"A","Habituation","W046","GS","M","GS-M","D2",NA,"keep","keep"
"W046_D3",0,2022-06-16,951,6,"A","Habituation","W046","GS","M","GS-M","D3",NA,"keep","keep"
"W046_D4",0,2022-06-16,952,6,"A","Habituation","W046","GS","M","GS-M","D4",NA,"keep","keep"
"W046_D5",0,2022-06-16,953,6,"A","Habituation","W046","GM","F","GM-F","D5",NA,"keep","keep"
"W046_D6",0,2022-06-16,954,6,"A","Habituation","W046","GM","F","GM-F","D6",NA,"keep","keep"
"W046_D7",0,2022-06-16,955,6,"A","Habituation","W046","GM","F","GM-F","D7",NA,"keep","keep"
"W046_D8",0,2022-06-16,956,6,"A","Habituation","W046","GM","F","GM-F","D8","exclude - may have switched with F1","exclude","exclude"
"W046_E1",0,2022-06-16,957,6,"A","Habituation","W046","GM","F","GM-F","E1",NA,"keep","keep"
"W046_E2",0,2022-06-16,958,6,"A","Habituation","W046","GM","F","GM-F","E2",NA,"keep","keep"
"W046_E3",0,2022-06-16,959,6,"A","Habituation","W046","GM","F","GM-F","E3",NA,"keep","keep"
"W046_E4",1,2022-06-16,960,6,"A","Habituation","W046","GS","F","GS-F","E4",NA,"keep","keep"
"W046_E5",0,2022-06-16,961,6,"A","Habituation","W046","GS","F","GS-F","E5",NA,"keep","keep"
"W046_E6",0,2022-06-16,962,6,"A","Habituation","W046","GS","F","GS-F","E6",NA,"keep","keep"
"W046_E7",0,2022-06-16,963,6,"A","Habituation","W046","GS","F","GS-F","E7",NA,"keep","keep"
"W046_E8",0,2022-06-16,964,6,"A","Habituation","W046","GS","F","GS-F","E8",NA,"keep","keep"
"W046_F1",0,2022-06-16,965,6,"A","Habituation","W046","GS","F","GS-F","F1","exclude - may have switches with D8","exclude","exclude"
"W046_F2",0,2022-06-16,966,6,"A","Habituation","W046","GS","F","GS-F","F2",NA,"keep","keep"
"W046_F3",0,NA,NA,NA,NA,NA,NA,NA,NA,NA,NA,NA,NA,NA
"W046_F4",0,NA,NA,NA,NA,NA,NA,NA,NA,NA,NA,NA,NA,NA
"W046_F5",0,NA,NA,NA,NA,NA,NA,NA,NA,NA,NA,NA,NA,NA
"W048_A1",0,2022-06-16,967,6,"A","Habituation","W048","I","M","I-M","A1",NA,"keep","keep"
"W048_A2",0,2022-06-16,968,6,"A","Habituation","W048","I","M","I-M","A2",NA,"keep","keep"
"W048_A3",0,2022-06-16,969,6,"A","Habituation","W048","I","M","I-M","A3",NA,"keep","keep"
"W048_A4",0,2022-06-16,970,6,"A","Habituation","W048","I","M","I-M","A4",NA,"keep","keep"
"W048_A5",0,2022-06-16,971,6,"A","Habituation","W048","I","M","I-M","A5",NA,"keep","keep"
"W048_A6",0,2022-06-16,972,6,"A","Habituation","W048","I","M","I-M","A6",NA,"keep","keep"
"W048_A7",0,2022-06-16,973,6,"A","Habituation","W048","I","M","I-M","A7",NA,"keep","keep"
"W048_A8",0,2022-06-16,974,6,"A","Habituation","W048","GS","M","GS-M","A8",NA,"keep","keep"
"W048_B1",0,2022-06-16,975,6,"A","Habituation","W048","GS","M","GS-M","B1",NA,"keep","keep"
"W048_B2",1,2022-06-16,976,6,"A","Habituation","W048","GS","M","GS-M","B2",NA,"keep","keep"
"W048_B3",0,2022-06-16,977,6,"A","Habituation","W048","GS","M","GS-M","B3",NA,"keep","keep"
"W048_B4",0,2022-06-16,978,6,"A","Habituation","W048","GS","M","GS-M","B4",NA,"keep","keep"
"W048_B5",0,2022-06-16,979,6,"A","Habituation","W048","GS","M","GS-M","B5",NA,"keep","keep"
"W048_B6",1,2022-06-16,980,6,"A","Habituation","W048","GS","M","GS-M","B6",NA,"keep","keep"
"W048_B7",1,2022-06-16,981,6,"A","Habituation","W048","GS","F","GS-F","B7",NA,"keep","keep"
"W048_B8",1,2022-06-16,982,6,"A","Habituation","W048","GS","F","GS-F","B8",NA,"keep","keep"
"W048_C1",0,2022-06-16,983,6,"A","Habituation","W048","GS","F","GS-F","C1",NA,"keep","keep"
"W048_C2",0,2022-06-16,984,6,"A","Habituation","W048","GS","F","GS-F","C2",NA,"keep","keep"
"W048_C3",1,2022-06-16,985,6,"A","Habituation","W048","GS","F","GS-F","C3",NA,"keep","keep"
"W048_C4",0,2022-06-16,986,6,"A","Habituation","W048","GS","F","GS-F","C4",NA,"keep","keep"
"W048_C5",0,2022-06-16,987,6,"A","Habituation","W048","GS","F","GS-F","C5",NA,"keep","keep"
"W048_C6",0,2022-06-16,988,6,"A","Habituation","W048","I","F","I-F","C6","missing","exclude","exclude"
"W048_C7",0,2022-06-16,989,6,"A","Habituation","W048","I","F","I-F","C7",NA,"keep","keep"
"W048_C8",0,2022-06-16,990,6,"A","Habituation","W048","I","F","I-F","C8",NA,"keep","keep"
"W048_D1",0,2022-06-16,991,6,"A","Habituation","W048","I","F","I-F","D1",NA,"keep","keep"
"W048_D2",0,2022-06-16,992,6,"A","Habituation","W048","I","F","I-F","D2",NA,"keep","keep"
"W048_D3",0,2022-06-16,993,6,"A","Habituation","W048","I","F","I-F","D3",NA,"keep","keep"
"W048_D4",0,2022-06-16,994,6,"A","Habituation","W048","I","F","I-F","D4",NA,"keep","keep"
"W048_D5",1,2022-06-16,995,6,"A","Habituation","W048","GM","M","GM-M","D5",NA,"keep","keep"
"W048_D6",1,2022-06-16,996,6,"A","Habituation","W048","GM","M","GM-M","D6",NA,"keep","keep"
"W048_D7",0,2022-06-16,997,6,"A","Habituation","W048","GM","M","GM-M","D7",NA,"keep","keep"
"W048_D8",0,2022-06-16,998,6,"A","Habituation","W048","GM","M","GM-M","D8",NA,"keep","keep"
"W048_E1",0,2022-06-16,999,6,"A","Habituation","W048","GM","M","GM-M","E1",NA,"keep","keep"
"W048_E2",0,2022-06-16,1000,6,"A","Habituation","W048","GM","M","GM-M","E2",NA,"keep","keep"
"W048_E3",0,2022-06-16,1001,6,"A","Habituation","W048","GM","M","GM-M","E3",NA,"keep","keep"
"W048_E4",0,2022-06-16,1002,6,"A","Habituation","W048","GM","F","GM-F","E4",NA,"keep","keep"
"W048_E5",0,2022-06-16,1003,6,"A","Habituation","W048","GM","F","GM-F","E5",NA,"keep","keep"
"W048_E6",0,2022-06-16,1004,6,"A","Habituation","W048","GM","F","GM-F","E6",NA,"keep","keep"
"W048_E7",0,2022-06-16,1005,6,"A","Habituation","W048","GM","F","GM-F","E7",NA,"keep","keep"
"W048_E8",0,2022-06-16,1006,6,"A","Habituation","W048","GM","F","GM-F","E8",NA,"keep","keep"
"W048_F1",0,2022-06-16,1007,6,"A","Habituation","W048","GM","F","GM-F","F1",NA,"keep","keep"
"W048_F2",0,2022-06-16,1008,6,"A","Habituation","W048","GM","F","GM-F","F2",NA,"keep","keep"
"W048_F3",0,NA,NA,NA,NA,NA,NA,NA,NA,NA,NA,NA,NA,NA
"W048_F4",0,NA,NA,NA,NA,NA,NA,NA,NA,NA,NA,NA,NA,NA
"W048_F5",0,NA,NA,NA,NA,NA,NA,NA,NA,NA,NA,NA,NA,NA
