"Datafile_ID","time_bin","Block","Trial","Type","pre_post_counter","startle_number","Well","distance","activity","Individual_ID","Date","ID","Batch","Session","Assay_name","Assay_ID","Treatment","Sex","Treatment_Sex","Position","Comment","Exclude_mean","Exclude_correlation"
"W018",10,"1",7,"STARTLE",0,1,"A1",0,0,"W018_A1",2022-06-07,337,3,"M","Habituation","W018","I","M","I-M","A1",NA,"keep","keep"
"W018",12,"1",9,"STARTLE",0,2,"A1",3.2,0.002,"W018_A1",2022-06-07,337,3,"M","Habituation","W018","I","M","I-M","A1",NA,"keep","keep"
"W018",14,"1",11,"STARTLE",0,3,"A1",7.8,0.01,"W018_A1",2022-06-07,337,3,"M","Habituation","W018","I","M","I-M","A1",NA,"keep","keep"
"W022",10,"1",7,"STARTLE",0,1,"A1",11.2,0.028,"W022_A1",2022-06-07,421,3,"A","Habituation","W022","I","F","I-F","A1",NA,"keep","keep"
"W022",12,"1",9,"STARTLE",0,2,"A1",3.1,0.049,"W022_A1",2022-06-07,421,3,"A","Habituation","W022","I","F","I-F","A1",NA,"keep","keep"
"W022",14,"1",11,"STARTLE",0,3,"A1",0,0,"W022_A1",2022-06-07,421,3,"A","Habituation","W022","I","F","I-F","A1",NA,"keep","keep"
"W030",10,"1",7,"STARTLE",0,1,"A1",0,0,"W030_A1",2022-06-08,589,4,"A","Habituation","W030","I","M","I-M","A1",NA,"keep","keep"
"W030",12,"1",9,"STARTLE",0,2,"A1",8.1,0.04,"W030_A1",2022-06-08,589,4,"A","Habituation","W030","I","M","I-M","A1",NA,"keep","keep"
"W030",14,"1",11,"STARTLE",0,3,"A1",1.5,0,"W030_A1",2022-06-08,589,4,"A","Habituation","W030","I","M","I-M","A1",NA,"keep","keep"
"W002",10,"1",7,"STARTLE",0,1,"A2",5.1,0.002,"W002_A2",2022-05-31,44,1,"M","Habituation","W002","GS","F","GS-F","A2","Ran at 30 - exclude","exclude","exclude"
"W002",12,"1",9,"STARTLE",0,2,"A2",1.5,0.001,"W002_A2",2022-05-31,44,1,"M","Habituation","W002","GS","F","GS-F","A2","Ran at 30 - exclude","exclude","exclude"
"W002",14,"1",11,"STARTLE",0,3,"A2",1.9,0.002,"W002_A2",2022-05-31,44,1,"M","Habituation","W002","GS","F","GS-F","A2","Ran at 30 - exclude","exclude","exclude"
"W012",10,"1",7,"STARTLE",0,1,"A2",4.6,0.005,"W012_A2",2022-06-01,212,1,"M","Habituation","W012","I","M","I-M","A2",NA,"keep","keep"
"W012",12,"1",9,"STARTLE",0,2,"A2",3.1,0.001,"W012_A2",2022-06-01,212,1,"M","Habituation","W012","I","M","I-M","A2",NA,"keep","keep"
"W012",14,"1",11,"STARTLE",0,3,"A2",4.5,0.011,"W012_A2",2022-06-01,212,1,"M","Habituation","W012","I","M","I-M","A2",NA,"keep","keep"
"W018",10,"1",7,"STARTLE",0,1,"A2",0,0,"W018_A2",2022-06-07,338,3,"M","Habituation","W018","I","M","I-M","A2",NA,"keep","keep"
"W018",12,"1",9,"STARTLE",0,2,"A2",1.5,0,"W018_A2",2022-06-07,338,3,"M","Habituation","W018","I","M","I-M","A2",NA,"keep","keep"
"W018",14,"1",11,"STARTLE",0,3,"A2",0,0,"W018_A2",2022-06-07,338,3,"M","Habituation","W018","I","M","I-M","A2",NA,"keep","keep"
"W022",10,"1",7,"STARTLE",0,1,"A2",6.8,0.022,"W022_A2",2022-06-07,422,3,"A","Habituation","W022","I","F","I-F","A2",NA,"keep","keep"
"W022",12,"1",9,"STARTLE",0,2,"A2",0,0,"W022_A2",2022-06-07,422,3,"A","Habituation","W022","I","F","I-F","A2",NA,"keep","keep"
"W022",14,"1",11,"STARTLE",0,3,"A2",5.7,0.245,"W022_A2",2022-06-07,422,3,"A","Habituation","W022","I","F","I-F","A2",NA,"keep","keep"
"W028",10,"1",7,"STARTLE",0,1,"A2",1.5,0,"W028_A2",2022-06-08,548,4,"M","Habituation","W028","GM","F","GM-F","A2",NA,"keep","keep"
"W028",12,"1",9,"STARTLE",0,2,"A2",0,0,"W028_A2",2022-06-08,548,4,"M","Habituation","W028","GM","F","GM-F","A2",NA,"keep","keep"
"W028",14,"1",11,"STARTLE",0,3,"A2",0,0,"W028_A2",2022-06-08,548,4,"M","Habituation","W028","GM","F","GM-F","A2",NA,"keep","keep"
"W044",10,"1",7,"STARTLE",0,1,"A2",0,0,"W044_A2",2022-06-16,884,6,"M","Habituation","W044","GS","F","GS-F","A2",NA,"keep","keep"
"W044",12,"1",9,"STARTLE",0,2,"A2",0,0,"W044_A2",2022-06-16,884,6,"M","Habituation","W044","GS","F","GS-F","A2",NA,"keep","keep"
"W044",14,"1",11,"STARTLE",0,3,"A2",3.8,0.347,"W044_A2",2022-06-16,884,6,"M","Habituation","W044","GS","F","GS-F","A2",NA,"keep","keep"
"W002",10,"1",7,"STARTLE",0,1,"A3",4.6,0.061,"W002_A3",2022-05-31,45,1,"M","Habituation","W002","GS","F","GS-F","A3","Ran at 30 - exclude","exclude","exclude"
"W002",12,"1",9,"STARTLE",0,2,"A3",8.5,0.052,"W002_A3",2022-05-31,45,1,"M","Habituation","W002","GS","F","GS-F","A3","Ran at 30 - exclude","exclude","exclude"
"W002",14,"1",11,"STARTLE",0,3,"A3",10.2,0.165,"W002_A3",2022-05-31,45,1,"M","Habituation","W002","GS","F","GS-F","A3","Ran at 30 - exclude","exclude","exclude"
"W008",10,"1",7,"STARTLE",0,1,"A3",7.9,0.043,"W008_A3",2022-05-31,129,1,"A","Habituation","W008","I","F","I-F","A3",NA,"keep","keep"
"W008",12,"1",9,"STARTLE",0,2,"A3",10.7,0.209,"W008_A3",2022-05-31,129,1,"A","Habituation","W008","I","F","I-F","A3",NA,"keep","keep"
"W008",14,"1",11,"STARTLE",0,3,"A3",6,0.034,"W008_A3",2022-05-31,129,1,"A","Habituation","W008","I","F","I-F","A3",NA,"keep","keep"
"W022",10,"1",7,"STARTLE",0,1,"A3",8.7,0.085,"W022_A3",2022-06-07,423,3,"A","Habituation","W022","I","F","I-F","A3",NA,"keep","keep"
"W022",12,"1",9,"STARTLE",0,2,"A3",0,0,"W022_A3",2022-06-07,423,3,"A","Habituation","W022","I","F","I-F","A3",NA,"keep","keep"
"W022",14,"1",11,"STARTLE",0,3,"A3",0,0,"W022_A3",2022-06-07,423,3,"A","Habituation","W022","I","F","I-F","A3",NA,"keep","keep"
"W028",10,"1",7,"STARTLE",0,1,"A3",8.4,0.219,"W028_A3",2022-06-08,549,4,"M","Habituation","W028","GM","F","GM-F","A3",NA,"keep","keep"
"W028",12,"1",9,"STARTLE",0,2,"A3",8,0.038,"W028_A3",2022-06-08,549,4,"M","Habituation","W028","GM","F","GM-F","A3",NA,"keep","keep"
"W028",14,"1",11,"STARTLE",0,3,"A3",0,0,"W028_A3",2022-06-08,549,4,"M","Habituation","W028","GM","F","GM-F","A3",NA,"keep","keep"
"W034",10,"1",7,"STARTLE",0,1,"A3",0,0,"W034_A3",2022-06-14,675,5,"M","Habituation","W034","I","F","I-F","A3",NA,"keep","keep"
"W034",12,"1",9,"STARTLE",0,2,"A3",0,0,"W034_A3",2022-06-14,675,5,"M","Habituation","W034","I","F","I-F","A3",NA,"keep","keep"
"W034",14,"1",11,"STARTLE",0,3,"A3",8.2,0.019,"W034_A3",2022-06-14,675,5,"M","Habituation","W034","I","F","I-F","A3",NA,"keep","keep"
"W040",10,"1",7,"STARTLE",0,1,"A3",13.3,0.053,"W040_A3",2022-06-14,801,5,"A","Habituation","W040","GM","F","GM-F","A3",NA,"keep","keep"
"W040",12,"1",9,"STARTLE",0,2,"A3",0,0,"W040_A3",2022-06-14,801,5,"A","Habituation","W040","GM","F","GM-F","A3",NA,"keep","keep"
"W040",14,"1",11,"STARTLE",0,3,"A3",0,0,"W040_A3",2022-06-14,801,5,"A","Habituation","W040","GM","F","GM-F","A3",NA,"keep","keep"
"W038",10,"1",7,"STARTLE",0,1,"A3",8,0.128,"W038_A3",2022-06-14,759,5,"A","Habituation","W038","I","M","I-M","A3",NA,"keep","keep"
"W038",12,"1",9,"STARTLE",0,2,"A3",7.6,0.08,"W038_A3",2022-06-14,759,5,"A","Habituation","W038","I","M","I-M","A3",NA,"keep","keep"
"W038",14,"1",11,"STARTLE",0,3,"A3",3.2,0.003,"W038_A3",2022-06-14,759,5,"A","Habituation","W038","I","M","I-M","A3",NA,"keep","keep"
"W044",10,"1",7,"STARTLE",0,1,"A3",8.1,0.033,"W044_A3",2022-06-16,885,6,"M","Habituation","W044","GS","F","GS-F","A3",NA,"keep","keep"
"W044",12,"1",9,"STARTLE",0,2,"A3",1.5,0,"W044_A3",2022-06-16,885,6,"M","Habituation","W044","GS","F","GS-F","A3",NA,"keep","keep"
"W044",14,"1",11,"STARTLE",0,3,"A3",0,0,"W044_A3",2022-06-16,885,6,"M","Habituation","W044","GS","F","GS-F","A3",NA,"keep","keep"
"W002",10,"1",7,"STARTLE",0,1,"A4",0,0,"W002_A4",2022-05-31,46,1,"M","Habituation","W002","GS","F","GS-F","A4","Ran at 30 - exclude","exclude","exclude"
"W002",12,"1",9,"STARTLE",0,2,"A4",4.7,0.003,"W002_A4",2022-05-31,46,1,"M","Habituation","W002","GS","F","GS-F","A4","Ran at 30 - exclude","exclude","exclude"
"W002",14,"1",11,"STARTLE",0,3,"A4",1.7,0,"W002_A4",2022-05-31,46,1,"M","Habituation","W002","GS","F","GS-F","A4","Ran at 30 - exclude","exclude","exclude"
"W004",10,"1",7,"STARTLE",0,1,"A4",0,0.001,"W004_A4",2022-05-31,4,1,"M","Habituation","W004","GS","F","GS-F","A4",NA,"keep","keep"
"W004",12,"1",9,"STARTLE",0,2,"A4",5.1,0.103,"W004_A4",2022-05-31,4,1,"M","Habituation","W004","GS","F","GS-F","A4",NA,"keep","keep"
"W004",14,"1",11,"STARTLE",0,3,"A4",0,0.004,"W004_A4",2022-05-31,4,1,"M","Habituation","W004","GS","F","GS-F","A4",NA,"keep","keep"
"W018",10,"1",7,"STARTLE",0,1,"A4",2.9,0.001,"W018_A4",2022-06-07,340,3,"M","Habituation","W018","I","M","I-M","A4",NA,"keep","keep"
"W018",12,"1",9,"STARTLE",0,2,"A4",1.5,0.001,"W018_A4",2022-06-07,340,3,"M","Habituation","W018","I","M","I-M","A4",NA,"keep","keep"
"W018",14,"1",11,"STARTLE",0,3,"A4",0,0,"W018_A4",2022-06-07,340,3,"M","Habituation","W018","I","M","I-M","A4",NA,"keep","keep"
"W030",10,"1",7,"STARTLE",0,1,"A4",0,0.007,"W030_A4",2022-06-08,592,4,"A","Habituation","W030","I","M","I-M","A4",NA,"keep","keep"
"W030",12,"1",9,"STARTLE",0,2,"A4",1.6,0.009,"W030_A4",2022-06-08,592,4,"A","Habituation","W030","I","M","I-M","A4",NA,"keep","keep"
"W030",14,"1",11,"STARTLE",0,3,"A4",6,0.015,"W030_A4",2022-06-08,592,4,"A","Habituation","W030","I","M","I-M","A4",NA,"keep","keep"
"W038",10,"1",7,"STARTLE",0,1,"A4",0,0,"W038_A4",2022-06-14,760,5,"A","Habituation","W038","I","M","I-M","A4",NA,"keep","keep"
"W038",12,"1",9,"STARTLE",0,2,"A4",0,0,"W038_A4",2022-06-14,760,5,"A","Habituation","W038","I","M","I-M","A4",NA,"keep","keep"
"W038",14,"1",11,"STARTLE",0,3,"A4",1.5,0,"W038_A4",2022-06-14,760,5,"A","Habituation","W038","I","M","I-M","A4",NA,"keep","keep"
"W044",10,"1",7,"STARTLE",0,1,"A4",5.4,0.003,"W044_A4",2022-06-16,886,6,"M","Habituation","W044","GS","F","GS-F","A4",NA,"keep","keep"
"W044",12,"1",9,"STARTLE",0,2,"A4",5.5,0.043,"W044_A4",2022-06-16,886,6,"M","Habituation","W044","GS","F","GS-F","A4",NA,"keep","keep"
"W044",14,"1",11,"STARTLE",0,3,"A4",6.1,0.015,"W044_A4",2022-06-16,886,6,"M","Habituation","W044","GS","F","GS-F","A4",NA,"keep","keep"
"W002",10,"1",7,"STARTLE",0,1,"A5",11.8,0.301,"W002_A5",2022-05-31,47,1,"M","Habituation","W002","GS","F","GS-F","A5","Ran at 30 - exclude","exclude","exclude"
"W002",12,"1",9,"STARTLE",0,2,"A5",9.6,0.08,"W002_A5",2022-05-31,47,1,"M","Habituation","W002","GS","F","GS-F","A5","Ran at 30 - exclude","exclude","exclude"
"W002",14,"1",11,"STARTLE",0,3,"A5",13.8,0.223,"W002_A5",2022-05-31,47,1,"M","Habituation","W002","GS","F","GS-F","A5","Ran at 30 - exclude","exclude","exclude"
"W038",10,"1",7,"STARTLE",0,1,"A5",3.2,0.007,"W038_A5",2022-06-14,761,5,"A","Habituation","W038","I","M","I-M","A5",NA,"keep","keep"
"W038",12,"1",9,"STARTLE",0,2,"A5",0,0,"W038_A5",2022-06-14,761,5,"A","Habituation","W038","I","M","I-M","A5",NA,"keep","keep"
"W038",14,"1",11,"STARTLE",0,3,"A5",0,0,"W038_A5",2022-06-14,761,5,"A","Habituation","W038","I","M","I-M","A5",NA,"keep","keep"
"W044",10,"1",7,"STARTLE",0,1,"A5",0,0.023,"W044_A5",2022-06-16,887,6,"M","Habituation","W044","GS","F","GS-F","A5",NA,"keep","keep"
"W044",12,"1",9,"STARTLE",0,2,"A5",0,0,"W044_A5",2022-06-16,887,6,"M","Habituation","W044","GS","F","GS-F","A5",NA,"keep","keep"
"W044",14,"1",11,"STARTLE",0,3,"A5",7.9,0.077,"W044_A5",2022-06-16,887,6,"M","Habituation","W044","GS","F","GS-F","A5",NA,"keep","keep"
"W042",10,"1",7,"STARTLE",0,1,"A5",1.5,0,"W042_A5",2022-06-16,845,6,"M","Habituation","W042","GM","F","GM-F","A5",NA,"keep","keep"
"W042",12,"1",9,"STARTLE",0,2,"A5",0,0,"W042_A5",2022-06-16,845,6,"M","Habituation","W042","GM","F","GM-F","A5",NA,"keep","keep"
"W042",14,"1",11,"STARTLE",0,3,"A5",1.7,0,"W042_A5",2022-06-16,845,6,"M","Habituation","W042","GM","F","GM-F","A5",NA,"keep","keep"
"W002",10,"1",7,"STARTLE",0,1,"A6",6.1,0.045,"W002_A6",2022-05-31,48,1,"M","Habituation","W002","GS","F","GS-F","A6","Ran at 30 - exclude","exclude","exclude"
"W002",12,"1",9,"STARTLE",0,2,"A6",9.3,0.13,"W002_A6",2022-05-31,48,1,"M","Habituation","W002","GS","F","GS-F","A6","Ran at 30 - exclude","exclude","exclude"
"W002",14,"1",11,"STARTLE",0,3,"A6",0,0,"W002_A6",2022-05-31,48,1,"M","Habituation","W002","GS","F","GS-F","A6","Ran at 30 - exclude","exclude","exclude"
"W008",10,"1",7,"STARTLE",0,1,"A6",8.1,0.075,"W008_A6",2022-05-31,132,1,"A","Habituation","W008","I","F","I-F","A6",NA,"keep","keep"
"W008",12,"1",9,"STARTLE",0,2,"A6",3.5,0.022,"W008_A6",2022-05-31,132,1,"A","Habituation","W008","I","F","I-F","A6",NA,"keep","keep"
"W008",14,"1",11,"STARTLE",0,3,"A6",7.7,0.004,"W008_A6",2022-05-31,132,1,"A","Habituation","W008","I","F","I-F","A6",NA,"keep","keep"
"W022",10,"1",7,"STARTLE",0,1,"A6",0,0,"W022_A6",2022-06-07,426,3,"A","Habituation","W022","I","F","I-F","A6",NA,"keep","keep"
"W022",12,"1",9,"STARTLE",0,2,"A6",8.1,0.116,"W022_A6",2022-06-07,426,3,"A","Habituation","W022","I","F","I-F","A6",NA,"keep","keep"
"W022",14,"1",11,"STARTLE",0,3,"A6",0,0,"W022_A6",2022-06-07,426,3,"A","Habituation","W022","I","F","I-F","A6",NA,"keep","keep"
"W030",10,"1",7,"STARTLE",0,1,"A6",6.2,0.068,"W030_A6",2022-06-08,594,4,"A","Habituation","W030","I","M","I-M","A6",NA,"keep","keep"
"W030",12,"1",9,"STARTLE",0,2,"A6",6,0.064,"W030_A6",2022-06-08,594,4,"A","Habituation","W030","I","M","I-M","A6",NA,"keep","keep"
"W030",14,"1",11,"STARTLE",0,3,"A6",4.7,0.068,"W030_A6",2022-06-08,594,4,"A","Habituation","W030","I","M","I-M","A6",NA,"keep","keep"
"W002",10,"1",7,"STARTLE",0,1,"A7",5.6,0.01,"W002_A7",2022-05-31,49,1,"M","Habituation","W002","GS","F","GS-F","A7","Ran at 30 - exclude","exclude","exclude"
"W002",12,"1",9,"STARTLE",0,2,"A7",1.6,0,"W002_A7",2022-05-31,49,1,"M","Habituation","W002","GS","F","GS-F","A7","Ran at 30 - exclude","exclude","exclude"
"W002",14,"1",11,"STARTLE",0,3,"A7",3.2,0,"W002_A7",2022-05-31,49,1,"M","Habituation","W002","GS","F","GS-F","A7","Ran at 30 - exclude","exclude","exclude"
"W004",10,"1",7,"STARTLE",0,1,"A7",4.7,0,"W004_A7",2022-05-31,7,1,"M","Habituation","W004","GS","F","GS-F","A7",NA,"keep","keep"
"W004",12,"1",9,"STARTLE",0,2,"A7",0,0,"W004_A7",2022-05-31,7,1,"M","Habituation","W004","GS","F","GS-F","A7",NA,"keep","keep"
"W004",14,"1",11,"STARTLE",0,3,"A7",0,0,"W004_A7",2022-05-31,7,1,"M","Habituation","W004","GS","F","GS-F","A7",NA,"keep","keep"
"W014",10,"1",7,"STARTLE",0,1,"A7",0,0,"W014_A7",2022-06-01,259,2,"A","Habituation","W014","I","M","I-M","A7",NA,"keep","keep"
"W014",12,"1",9,"STARTLE",0,2,"A7",1.7,0.011,"W014_A7",2022-06-01,259,2,"A","Habituation","W014","I","M","I-M","A7",NA,"keep","keep"
"W014",14,"1",11,"STARTLE",0,3,"A7",1.6,0.012,"W014_A7",2022-06-01,259,2,"A","Habituation","W014","I","M","I-M","A7",NA,"keep","keep"
"W030",10,"1",7,"STARTLE",0,1,"A7",0,0,"W030_A7",2022-06-08,595,4,"A","Habituation","W030","I","M","I-M","A7",NA,"keep","keep"
"W030",12,"1",9,"STARTLE",0,2,"A7",8.7,0.147,"W030_A7",2022-06-08,595,4,"A","Habituation","W030","I","M","I-M","A7",NA,"keep","keep"
"W030",14,"1",11,"STARTLE",0,3,"A7",0,0,"W030_A7",2022-06-08,595,4,"A","Habituation","W030","I","M","I-M","A7",NA,"keep","keep"
"W002",10,"1",7,"STARTLE",0,1,"A8",14.1,0.013,"W002_A8",2022-05-31,50,1,"M","Habituation","W002","GS","M","GS-M","A8","Ran at 30 - exclude","exclude","exclude"
"W002",12,"1",9,"STARTLE",0,2,"A8",17.4,0.047,"W002_A8",2022-05-31,50,1,"M","Habituation","W002","GS","M","GS-M","A8","Ran at 30 - exclude","exclude","exclude"
"W002",14,"1",11,"STARTLE",0,3,"A8",15.3,0.099,"W002_A8",2022-05-31,50,1,"M","Habituation","W002","GS","M","GS-M","A8","Ran at 30 - exclude","exclude","exclude"
"W004",10,"1",7,"STARTLE",0,1,"A8",5.3,0.006,"W004_A8",2022-05-31,8,1,"M","Habituation","W004","GM","F","GM-F","A8",NA,"keep","keep"
"W004",12,"1",9,"STARTLE",0,2,"A8",0,0,"W004_A8",2022-05-31,8,1,"M","Habituation","W004","GM","F","GM-F","A8",NA,"keep","keep"
"W004",14,"1",11,"STARTLE",0,3,"A8",0,0,"W004_A8",2022-05-31,8,1,"M","Habituation","W004","GM","F","GM-F","A8",NA,"keep","keep"
"W030",10,"1",7,"STARTLE",0,1,"A8",1.5,0,"W030_A8",2022-06-08,596,4,"A","Habituation","W030","I","F","I-F","A8",NA,"keep","keep"
"W030",12,"1",9,"STARTLE",0,2,"A8",1.4,0,"W030_A8",2022-06-08,596,4,"A","Habituation","W030","I","F","I-F","A8",NA,"keep","keep"
"W030",14,"1",11,"STARTLE",0,3,"A8",1.6,0,"W030_A8",2022-06-08,596,4,"A","Habituation","W030","I","F","I-F","A8",NA,"keep","keep"
"W036",10,"1",7,"STARTLE",0,1,"A8",12.7,0.062,"W036_A8",2022-06-14,722,5,"M","Habituation","W036","GS","F","GS-F","A8",NA,"keep","keep"
"W036",12,"1",9,"STARTLE",0,2,"A8",0,0,"W036_A8",2022-06-14,722,5,"M","Habituation","W036","GS","F","GS-F","A8",NA,"keep","keep"
"W036",14,"1",11,"STARTLE",0,3,"A8",0,0,"W036_A8",2022-06-14,722,5,"M","Habituation","W036","GS","F","GS-F","A8",NA,"keep","keep"
"W044",10,"1",7,"STARTLE",0,1,"A8",9.2,0.046,"W044_A8",2022-06-16,890,6,"M","Habituation","W044","I","F","I-F","A8",NA,"keep","keep"
"W044",12,"1",9,"STARTLE",0,2,"A8",0,0,"W044_A8",2022-06-16,890,6,"M","Habituation","W044","I","F","I-F","A8",NA,"keep","keep"
"W044",14,"1",11,"STARTLE",0,3,"A8",0,0,"W044_A8",2022-06-16,890,6,"M","Habituation","W044","I","F","I-F","A8",NA,"keep","keep"
"W046",10,"1",7,"STARTLE",0,1,"A8",1.7,0,"W046_A8",2022-06-16,932,6,"A","Habituation","W046","GM","M","GM-M","A8",NA,"keep","keep"
"W046",12,"1",9,"STARTLE",0,2,"A8",3.1,0,"W046_A8",2022-06-16,932,6,"A","Habituation","W046","GM","M","GM-M","A8",NA,"keep","keep"
"W046",14,"1",11,"STARTLE",0,3,"A8",0,0,"W046_A8",2022-06-16,932,6,"A","Habituation","W046","GM","M","GM-M","A8",NA,"keep","keep"
"W002",10,"1",7,"STARTLE",0,1,"B1",0,0,"W002_B1",2022-05-31,51,1,"M","Habituation","W002","GS","M","GS-M","B1","Ran at 30 - exclude","exclude","exclude"
"W002",12,"1",9,"STARTLE",0,2,"B1",12.9,0.043,"W002_B1",2022-05-31,51,1,"M","Habituation","W002","GS","M","GS-M","B1","Ran at 30 - exclude","exclude","exclude"
"W002",14,"1",11,"STARTLE",0,3,"B1",6.2,0.007,"W002_B1",2022-05-31,51,1,"M","Habituation","W002","GS","M","GS-M","B1","Ran at 30 - exclude","exclude","exclude"
"W020",10,"1",7,"STARTLE",0,1,"B1",0,0,"W020_B1",2022-06-07,387,3,"M","Habituation","W020","GM","M","GM-M","B1",NA,"keep","keep"
"W020",12,"1",9,"STARTLE",0,2,"B1",0,0,"W020_B1",2022-06-07,387,3,"M","Habituation","W020","GM","M","GM-M","B1",NA,"keep","keep"
"W020",14,"1",11,"STARTLE",0,3,"B1",3.2,0.008,"W020_B1",2022-06-07,387,3,"M","Habituation","W020","GM","M","GM-M","B1",NA,"keep","keep"
"W028",10,"1",7,"STARTLE",0,1,"B1",4.7,0,"W028_B1",2022-06-08,555,4,"M","Habituation","W028","GM","M","GM-M","B1",NA,"keep","keep"
"W028",12,"1",9,"STARTLE",0,2,"B1",0,0,"W028_B1",2022-06-08,555,4,"M","Habituation","W028","GM","M","GM-M","B1",NA,"keep","keep"
"W028",14,"1",11,"STARTLE",0,3,"B1",0,0,"W028_B1",2022-06-08,555,4,"M","Habituation","W028","GM","M","GM-M","B1",NA,"keep","keep"
"W030",10,"1",7,"STARTLE",0,1,"B1",3.1,0.002,"W030_B1",2022-06-08,597,4,"A","Habituation","W030","I","F","I-F","B1",NA,"keep","keep"
"W030",12,"1",9,"STARTLE",0,2,"B1",3.2,0.005,"W030_B1",2022-06-08,597,4,"A","Habituation","W030","I","F","I-F","B1",NA,"keep","keep"
"W030",14,"1",11,"STARTLE",0,3,"B1",3.1,0.002,"W030_B1",2022-06-08,597,4,"A","Habituation","W030","I","F","I-F","B1",NA,"keep","keep"
"W044",10,"1",7,"STARTLE",0,1,"B1",11.5,0.155,"W044_B1",2022-06-16,891,6,"M","Habituation","W044","I","F","I-F","B1",NA,"keep","keep"
"W044",12,"1",9,"STARTLE",0,2,"B1",0,0,"W044_B1",2022-06-16,891,6,"M","Habituation","W044","I","F","I-F","B1",NA,"keep","keep"
"W044",14,"1",11,"STARTLE",0,3,"B1",10.2,0.034,"W044_B1",2022-06-16,891,6,"M","Habituation","W044","I","F","I-F","B1",NA,"keep","keep"
"W002",10,"1",7,"STARTLE",0,1,"B2",14.4,0.116,"W002_B2",2022-05-31,52,1,"M","Habituation","W002","GS","M","GS-M","B2","Ran at 30 - exclude","exclude","exclude"
"W002",12,"1",9,"STARTLE",0,2,"B2",0,0,"W002_B2",2022-05-31,52,1,"M","Habituation","W002","GS","M","GS-M","B2","Ran at 30 - exclude","exclude","exclude"
"W002",14,"1",11,"STARTLE",0,3,"B2",12.1,0.101,"W002_B2",2022-05-31,52,1,"M","Habituation","W002","GS","M","GS-M","B2","Ran at 30 - exclude","exclude","exclude"
"W036",10,"1",7,"STARTLE",0,1,"B2",6.2,0.058,"W036_B2",2022-06-14,724,5,"M","Habituation","W036","GS","F","GS-F","B2",NA,"keep","keep"
"W036",12,"1",9,"STARTLE",0,2,"B2",0,0,"W036_B2",2022-06-14,724,5,"M","Habituation","W036","GS","F","GS-F","B2",NA,"keep","keep"
"W036",14,"1",11,"STARTLE",0,3,"B2",0,0,"W036_B2",2022-06-14,724,5,"M","Habituation","W036","GS","F","GS-F","B2",NA,"keep","keep"
"W048",10,"1",7,"STARTLE",0,1,"B2",0,0,"W048_B2",2022-06-16,976,6,"A","Habituation","W048","GS","M","GS-M","B2",NA,"keep","keep"
"W048",12,"1",9,"STARTLE",0,2,"B2",1.5,0,"W048_B2",2022-06-16,976,6,"A","Habituation","W048","GS","M","GS-M","B2",NA,"keep","keep"
"W048",14,"1",11,"STARTLE",0,3,"B2",1.4,0,"W048_B2",2022-06-16,976,6,"A","Habituation","W048","GS","M","GS-M","B2",NA,"keep","keep"
"W002",10,"1",7,"STARTLE",0,1,"B3",3.2,0,"W002_B3",2022-05-31,53,1,"M","Habituation","W002","GS","M","GS-M","B3","Ran at 30 - exclude","exclude","exclude"
"W002",12,"1",9,"STARTLE",0,2,"B3",7.9,0.013,"W002_B3",2022-05-31,53,1,"M","Habituation","W002","GS","M","GS-M","B3","Ran at 30 - exclude","exclude","exclude"
"W002",14,"1",11,"STARTLE",0,3,"B3",7.7,0.02,"W002_B3",2022-05-31,53,1,"M","Habituation","W002","GS","M","GS-M","B3","Ran at 30 - exclude","exclude","exclude"
"W004",10,"1",7,"STARTLE",0,1,"B3",1.6,0.001,"W004_B3",2022-05-31,11,1,"M","Habituation","W004","GM","F","GM-F","B3",NA,"keep","keep"
"W004",12,"1",9,"STARTLE",0,2,"B3",4.7,0.002,"W004_B3",2022-05-31,11,1,"M","Habituation","W004","GM","F","GM-F","B3",NA,"keep","keep"
"W004",14,"1",11,"STARTLE",0,3,"B3",8,0.011,"W004_B3",2022-05-31,11,1,"M","Habituation","W004","GM","F","GM-F","B3",NA,"keep","keep"
"W008",10,"1",7,"STARTLE",0,1,"B3",6.1,0,"W008_B3",2022-05-31,137,1,"A","Habituation","W008","GM","M","GM-M","B3",NA,"keep","keep"
"W008",12,"1",9,"STARTLE",0,2,"B3",1.5,0,"W008_B3",2022-05-31,137,1,"A","Habituation","W008","GM","M","GM-M","B3",NA,"keep","keep"
"W008",14,"1",11,"STARTLE",0,3,"B3",0,0,"W008_B3",2022-05-31,137,1,"A","Habituation","W008","GM","M","GM-M","B3",NA,"keep","keep"
"W022",10,"1",7,"STARTLE",0,1,"B3",1.5,0,"W022_B3",2022-06-07,431,3,"A","Habituation","W022","GS","M","GS-M","B3",NA,"keep","keep"
"W022",12,"1",9,"STARTLE",0,2,"B3",0,0,"W022_B3",2022-06-07,431,3,"A","Habituation","W022","GS","M","GS-M","B3",NA,"keep","keep"
"W022",14,"1",11,"STARTLE",0,3,"B3",0,0,"W022_B3",2022-06-07,431,3,"A","Habituation","W022","GS","M","GS-M","B3",NA,"keep","keep"
"W028",10,"1",7,"STARTLE",0,1,"B3",0,0,"W028_B3",2022-06-08,557,4,"M","Habituation","W028","GM","M","GM-M","B3",NA,"keep","keep"
"W028",12,"1",9,"STARTLE",0,2,"B3",1.6,0,"W028_B3",2022-06-08,557,4,"M","Habituation","W028","GM","M","GM-M","B3",NA,"keep","keep"
"W028",14,"1",11,"STARTLE",0,3,"B3",0,0,"W028_B3",2022-06-08,557,4,"M","Habituation","W028","GM","M","GM-M","B3",NA,"keep","keep"
"W044",10,"1",7,"STARTLE",0,1,"B3",13.4,0.149,"W044_B3",2022-06-16,893,6,"M","Habituation","W044","I","F","I-F","B3",NA,"keep","keep"
"W044",12,"1",9,"STARTLE",0,2,"B3",8.7,0.048,"W044_B3",2022-06-16,893,6,"M","Habituation","W044","I","F","I-F","B3",NA,"keep","keep"
"W044",14,"1",11,"STARTLE",0,3,"B3",8,0.056,"W044_B3",2022-06-16,893,6,"M","Habituation","W044","I","F","I-F","B3",NA,"keep","keep"
"W002",10,"1",7,"STARTLE",0,1,"B4",0,0,"W002_B4",2022-05-31,54,1,"M","Habituation","W002","GS","M","GS-M","B4","Ran at 30 - exclude","exclude","exclude"
"W002",12,"1",9,"STARTLE",0,2,"B4",0,0.001,"W002_B4",2022-05-31,54,1,"M","Habituation","W002","GS","M","GS-M","B4","Ran at 30 - exclude","exclude","exclude"
"W002",14,"1",11,"STARTLE",0,3,"B4",3.2,0,"W002_B4",2022-05-31,54,1,"M","Habituation","W002","GS","M","GS-M","B4","Ran at 30 - exclude","exclude","exclude"
"W004",10,"1",7,"STARTLE",0,1,"B4",8.7,0.041,"W004_B4",2022-05-31,12,1,"M","Habituation","W004","GM","F","GM-F","B4",NA,"keep","keep"
"W004",12,"1",9,"STARTLE",0,2,"B4",0,0,"W004_B4",2022-05-31,12,1,"M","Habituation","W004","GM","F","GM-F","B4",NA,"keep","keep"
"W004",14,"1",11,"STARTLE",0,3,"B4",0,0,"W004_B4",2022-05-31,12,1,"M","Habituation","W004","GM","F","GM-F","B4",NA,"keep","keep"
"W008",10,"1",7,"STARTLE",0,1,"B4",1.6,0.004,"W008_B4",2022-05-31,138,1,"A","Habituation","W008","GM","M","GM-M","B4",NA,"keep","keep"
"W008",12,"1",9,"STARTLE",0,2,"B4",1.5,0,"W008_B4",2022-05-31,138,1,"A","Habituation","W008","GM","M","GM-M","B4",NA,"keep","keep"
"W008",14,"1",11,"STARTLE",0,3,"B4",0,0,"W008_B4",2022-05-31,138,1,"A","Habituation","W008","GM","M","GM-M","B4",NA,"keep","keep"
"W012",10,"1",7,"STARTLE",0,1,"B4",0,0,"W012_B4",2022-06-01,222,1,"M","Habituation","W012","GS","F","GS-F","B4",NA,"keep","keep"
"W012",12,"1",9,"STARTLE",0,2,"B4",0,0,"W012_B4",2022-06-01,222,1,"M","Habituation","W012","GS","F","GS-F","B4",NA,"keep","keep"
"W012",14,"1",11,"STARTLE",0,3,"B4",8.4,0.083,"W012_B4",2022-06-01,222,1,"M","Habituation","W012","GS","F","GS-F","B4",NA,"keep","keep"
"W016",10,"1",7,"STARTLE",0,1,"B4",1.5,0,"W016_B4",2022-06-01,306,2,"A","Habituation","W016","I","F","I-F","B4",NA,"keep","keep"
"W016",12,"1",9,"STARTLE",0,2,"B4",0,0,"W016_B4",2022-06-01,306,2,"A","Habituation","W016","I","F","I-F","B4",NA,"keep","keep"
"W016",14,"1",11,"STARTLE",0,3,"B4",0,0,"W016_B4",2022-06-01,306,2,"A","Habituation","W016","I","F","I-F","B4",NA,"keep","keep"
"W018",10,"1",7,"STARTLE",0,1,"B4",4.8,0.042,"W018_B4",2022-06-07,348,3,"M","Habituation","W018","GM","F","GM-F","B4",NA,"keep","keep"
"W018",12,"1",9,"STARTLE",0,2,"B4",0,0,"W018_B4",2022-06-07,348,3,"M","Habituation","W018","GM","F","GM-F","B4",NA,"keep","keep"
"W018",14,"1",11,"STARTLE",0,3,"B4",1.6,0,"W018_B4",2022-06-07,348,3,"M","Habituation","W018","GM","F","GM-F","B4",NA,"keep","keep"
"W034",10,"1",7,"STARTLE",0,1,"B4",0,0,"W034_B4",2022-06-14,684,5,"M","Habituation","W034","I","M","I-M","B4",NA,"keep","keep"
"W034",12,"1",9,"STARTLE",0,2,"B4",0,0,"W034_B4",2022-06-14,684,5,"M","Habituation","W034","I","M","I-M","B4",NA,"keep","keep"
"W034",14,"1",11,"STARTLE",0,3,"B4",1.6,0,"W034_B4",2022-06-14,684,5,"M","Habituation","W034","I","M","I-M","B4",NA,"keep","keep"
"W044",10,"1",7,"STARTLE",0,1,"B4",2.9,0.008,"W044_B4",2022-06-16,894,6,"M","Habituation","W044","I","F","I-F","B4",NA,"keep","keep"
"W044",12,"1",9,"STARTLE",0,2,"B4",7.2,0.011,"W044_B4",2022-06-16,894,6,"M","Habituation","W044","I","F","I-F","B4",NA,"keep","keep"
"W044",14,"1",11,"STARTLE",0,3,"B4",0,0,"W044_B4",2022-06-16,894,6,"M","Habituation","W044","I","F","I-F","B4",NA,"keep","keep"
"W002",10,"1",7,"STARTLE",0,1,"B5",15.1,0.074,"W002_B5",2022-05-31,55,1,"M","Habituation","W002","GS","M","GS-M","B5","Ran at 30 - exclude","exclude","exclude"
"W002",12,"1",9,"STARTLE",0,2,"B5",12.9,0.056,"W002_B5",2022-05-31,55,1,"M","Habituation","W002","GS","M","GS-M","B5","Ran at 30 - exclude","exclude","exclude"
"W002",14,"1",11,"STARTLE",0,3,"B5",16.6,0.058,"W002_B5",2022-05-31,55,1,"M","Habituation","W002","GS","M","GS-M","B5","Ran at 30 - exclude","exclude","exclude"
"W008",10,"1",7,"STARTLE",0,1,"B5",3.1,0,"W008_B5",2022-05-31,139,1,"A","Habituation","W008","GM","M","GM-M","B5",NA,"keep","keep"
"W008",12,"1",9,"STARTLE",0,2,"B5",0,0,"W008_B5",2022-05-31,139,1,"A","Habituation","W008","GM","M","GM-M","B5",NA,"keep","keep"
"W008",14,"1",11,"STARTLE",0,3,"B5",0,0,"W008_B5",2022-05-31,139,1,"A","Habituation","W008","GM","M","GM-M","B5",NA,"keep","keep"
"W016",10,"1",7,"STARTLE",0,1,"B5",7.8,0.093,"W016_B5",2022-06-01,307,2,"A","Habituation","W016","I","F","I-F","B5",NA,"keep","keep"
"W016",12,"1",9,"STARTLE",0,2,"B5",7.8,0.057,"W016_B5",2022-06-01,307,2,"A","Habituation","W016","I","F","I-F","B5",NA,"keep","keep"
"W016",14,"1",11,"STARTLE",0,3,"B5",8.8,0.093,"W016_B5",2022-06-01,307,2,"A","Habituation","W016","I","F","I-F","B5",NA,"keep","keep"
"W022",10,"1",7,"STARTLE",0,1,"B5",6,0.078,"W022_B5",2022-06-07,433,3,"A","Habituation","W022","GS","M","GS-M","B5",NA,"keep","keep"
"W022",12,"1",9,"STARTLE",0,2,"B5",7.8,0.044,"W022_B5",2022-06-07,433,3,"A","Habituation","W022","GS","M","GS-M","B5",NA,"keep","keep"
"W022",14,"1",11,"STARTLE",0,3,"B5",6.6,0.033,"W022_B5",2022-06-07,433,3,"A","Habituation","W022","GS","M","GS-M","B5",NA,"keep","keep"
"W030",10,"1",7,"STARTLE",0,1,"B5",0,0,"W030_B5",2022-06-08,601,4,"A","Habituation","W030","I","F","I-F","B5",NA,"keep","keep"
"W030",12,"1",9,"STARTLE",0,2,"B5",7.8,0.012,"W030_B5",2022-06-08,601,4,"A","Habituation","W030","I","F","I-F","B5",NA,"keep","keep"
"W030",14,"1",11,"STARTLE",0,3,"B5",0,0,"W030_B5",2022-06-08,601,4,"A","Habituation","W030","I","F","I-F","B5",NA,"keep","keep"
"W034",10,"1",7,"STARTLE",0,1,"B5",1.5,0,"W034_B5",2022-06-14,685,5,"M","Habituation","W034","I","M","I-M","B5",NA,"keep","keep"
"W034",12,"1",9,"STARTLE",0,2,"B5",0,0,"W034_B5",2022-06-14,685,5,"M","Habituation","W034","I","M","I-M","B5",NA,"keep","keep"
"W034",14,"1",11,"STARTLE",0,3,"B5",0,0,"W034_B5",2022-06-14,685,5,"M","Habituation","W034","I","M","I-M","B5",NA,"keep","keep"
"W038",10,"1",7,"STARTLE",0,1,"B5",1.5,0,"W038_B5",2022-06-14,769,5,"A","Habituation","W038","GM","M","GM-M","B5",NA,"keep","keep"
"W038",12,"1",9,"STARTLE",0,2,"B5",4.5,0.01,"W038_B5",2022-06-14,769,5,"A","Habituation","W038","GM","M","GM-M","B5",NA,"keep","keep"
"W038",14,"1",11,"STARTLE",0,3,"B5",6.1,0.01,"W038_B5",2022-06-14,769,5,"A","Habituation","W038","GM","M","GM-M","B5",NA,"keep","keep"
"W002",10,"1",7,"STARTLE",0,1,"B6",12,0.02,"W002_B6",2022-05-31,56,1,"M","Habituation","W002","GS","M","GS-M","B6","Ran at 30 - exclude","exclude","exclude"
"W002",12,"1",9,"STARTLE",0,2,"B6",7.8,0.011,"W002_B6",2022-05-31,56,1,"M","Habituation","W002","GS","M","GS-M","B6","Ran at 30 - exclude","exclude","exclude"
"W002",14,"1",11,"STARTLE",0,3,"B6",12.6,0.127,"W002_B6",2022-05-31,56,1,"M","Habituation","W002","GS","M","GS-M","B6","Ran at 30 - exclude","exclude","exclude"
"W008",10,"1",7,"STARTLE",0,1,"B6",8,0.042,"W008_B6",2022-05-31,140,1,"A","Habituation","W008","GM","M","GM-M","B6",NA,"keep","keep"
"W008",12,"1",9,"STARTLE",0,2,"B6",3,0.01,"W008_B6",2022-05-31,140,1,"A","Habituation","W008","GM","M","GM-M","B6",NA,"keep","keep"
"W008",14,"1",11,"STARTLE",0,3,"B6",7.6,0.031,"W008_B6",2022-05-31,140,1,"A","Habituation","W008","GM","M","GM-M","B6",NA,"keep","keep"
"W020",10,"1",7,"STARTLE",0,1,"B6",1.4,0,"W020_B6",2022-06-07,392,3,"M","Habituation","W020","GM","M","GM-M","B6",NA,"keep","keep"
"W020",12,"1",9,"STARTLE",0,2,"B6",3.1,0.004,"W020_B6",2022-06-07,392,3,"M","Habituation","W020","GM","M","GM-M","B6",NA,"keep","keep"
"W020",14,"1",11,"STARTLE",0,3,"B6",3.1,0,"W020_B6",2022-06-07,392,3,"M","Habituation","W020","GM","M","GM-M","B6",NA,"keep","keep"
"W036",10,"1",7,"STARTLE",0,1,"B6",0,0,"W036_B6",2022-06-14,728,5,"M","Habituation","W036","GS","F","GS-F","B6",NA,"keep","keep"
"W036",12,"1",9,"STARTLE",0,2,"B6",5.9,0.058,"W036_B6",2022-06-14,728,5,"M","Habituation","W036","GS","F","GS-F","B6",NA,"keep","keep"
"W036",14,"1",11,"STARTLE",0,3,"B6",0,0,"W036_B6",2022-06-14,728,5,"M","Habituation","W036","GS","F","GS-F","B6",NA,"keep","keep"
"W048",10,"1",7,"STARTLE",0,1,"B6",0,0,"W048_B6",2022-06-16,980,6,"A","Habituation","W048","GS","M","GS-M","B6",NA,"keep","keep"
"W048",12,"1",9,"STARTLE",0,2,"B6",0,0,"W048_B6",2022-06-16,980,6,"A","Habituation","W048","GS","M","GS-M","B6",NA,"keep","keep"
"W048",14,"1",11,"STARTLE",0,3,"B6",4.7,0.001,"W048_B6",2022-06-16,980,6,"A","Habituation","W048","GS","M","GS-M","B6",NA,"keep","keep"
"W002",10,"1",7,"STARTLE",0,1,"B7",11.5,0.003,"W002_B7",2022-05-31,57,1,"M","Habituation","W002","GM","F","GM-F","B7","Ran at 30 - exclude","exclude","exclude"
"W002",12,"1",9,"STARTLE",0,2,"B7",1.4,0,"W002_B7",2022-05-31,57,1,"M","Habituation","W002","GM","F","GM-F","B7","Ran at 30 - exclude","exclude","exclude"
"W002",14,"1",11,"STARTLE",0,3,"B7",1.5,0,"W002_B7",2022-05-31,57,1,"M","Habituation","W002","GM","F","GM-F","B7","Ran at 30 - exclude","exclude","exclude"
"W004",10,"1",7,"STARTLE",0,1,"B7",0,0,"W004_B7",2022-05-31,15,1,"M","Habituation","W004","I","F","I-F","B7",NA,"keep","keep"
"W004",12,"1",9,"STARTLE",0,2,"B7",8,0.005,"W004_B7",2022-05-31,15,1,"M","Habituation","W004","I","F","I-F","B7",NA,"keep","keep"
"W004",14,"1",11,"STARTLE",0,3,"B7",0,0,"W004_B7",2022-05-31,15,1,"M","Habituation","W004","I","F","I-F","B7",NA,"keep","keep"
"W008",10,"1",7,"STARTLE",0,1,"B7",1.5,0,"W008_B7",2022-05-31,141,1,"A","Habituation","W008","GS","M","GS-M","B7",NA,"keep","keep"
"W008",12,"1",9,"STARTLE",0,2,"B7",0,0,"W008_B7",2022-05-31,141,1,"A","Habituation","W008","GS","M","GS-M","B7",NA,"keep","keep"
"W008",14,"1",11,"STARTLE",0,3,"B7",0,0,"W008_B7",2022-05-31,141,1,"A","Habituation","W008","GS","M","GS-M","B7",NA,"keep","keep"
"W012",10,"1",7,"STARTLE",0,1,"B7",3,0,"W012_B7",2022-06-01,225,1,"M","Habituation","W012","GS","M","GS-M","B7",NA,"keep","keep"
"W012",12,"1",9,"STARTLE",0,2,"B7",0,0,"W012_B7",2022-06-01,225,1,"M","Habituation","W012","GS","M","GS-M","B7",NA,"keep","keep"
"W012",14,"1",11,"STARTLE",0,3,"B7",0,0,"W012_B7",2022-06-01,225,1,"M","Habituation","W012","GS","M","GS-M","B7",NA,"keep","keep"
"W022",10,"1",7,"STARTLE",0,1,"B7",9.6,0.04,"W022_B7",2022-06-07,435,3,"A","Habituation","W022","I","M","I-M","B7",NA,"keep","keep"
"W022",12,"1",9,"STARTLE",0,2,"B7",18.7,0.011,"W022_B7",2022-06-07,435,3,"A","Habituation","W022","I","M","I-M","B7",NA,"keep","keep"
"W022",14,"1",11,"STARTLE",0,3,"B7",0,0,"W022_B7",2022-06-07,435,3,"A","Habituation","W022","I","M","I-M","B7",NA,"keep","keep"
"W036",10,"1",7,"STARTLE",0,1,"B7",0,0,"W036_B7",2022-06-14,729,5,"M","Habituation","W036","GS","M","GS-M","B7",NA,"keep","keep"
"W036",12,"1",9,"STARTLE",0,2,"B7",0,0,"W036_B7",2022-06-14,729,5,"M","Habituation","W036","GS","M","GS-M","B7",NA,"keep","keep"
"W036",14,"1",11,"STARTLE",0,3,"B7",1.6,0,"W036_B7",2022-06-14,729,5,"M","Habituation","W036","GS","M","GS-M","B7",NA,"keep","keep"
"W048",10,"1",7,"STARTLE",0,1,"B7",1.4,0.005,"W048_B7",2022-06-16,981,6,"A","Habituation","W048","GS","F","GS-F","B7",NA,"keep","keep"
"W048",12,"1",9,"STARTLE",0,2,"B7",0,0,"W048_B7",2022-06-16,981,6,"A","Habituation","W048","GS","F","GS-F","B7",NA,"keep","keep"
"W048",14,"1",11,"STARTLE",0,3,"B7",0,0,"W048_B7",2022-06-16,981,6,"A","Habituation","W048","GS","F","GS-F","B7",NA,"keep","keep"
"W002",10,"1",7,"STARTLE",0,1,"B8",3,0,"W002_B8",2022-05-31,58,1,"M","Habituation","W002","GM","F","GM-F","B8","Ran at 30 - exclude","exclude","exclude"
"W002",12,"1",9,"STARTLE",0,2,"B8",1.7,0,"W002_B8",2022-05-31,58,1,"M","Habituation","W002","GM","F","GM-F","B8","Ran at 30 - exclude","exclude","exclude"
"W002",14,"1",11,"STARTLE",0,3,"B8",4.6,0,"W002_B8",2022-05-31,58,1,"M","Habituation","W002","GM","F","GM-F","B8","Ran at 30 - exclude","exclude","exclude"
"W016",10,"1",7,"STARTLE",0,1,"B8",1.4,0,"W016_B8",2022-06-01,310,2,"A","Habituation","W016","GM","M","GM-M","B8",NA,"keep","keep"
"W016",12,"1",9,"STARTLE",0,2,"B8",0,0,"W016_B8",2022-06-01,310,2,"A","Habituation","W016","GM","M","GM-M","B8",NA,"keep","keep"
"W016",14,"1",11,"STARTLE",0,3,"B8",1.4,0,"W016_B8",2022-06-01,310,2,"A","Habituation","W016","GM","M","GM-M","B8",NA,"keep","keep"
"W048",10,"1",7,"STARTLE",0,1,"B8",0,0,"W048_B8",2022-06-16,982,6,"A","Habituation","W048","GS","F","GS-F","B8",NA,"keep","keep"
"W048",12,"1",9,"STARTLE",0,2,"B8",0,0,"W048_B8",2022-06-16,982,6,"A","Habituation","W048","GS","F","GS-F","B8",NA,"keep","keep"
"W048",14,"1",11,"STARTLE",0,3,"B8",1.5,0,"W048_B8",2022-06-16,982,6,"A","Habituation","W048","GS","F","GS-F","B8",NA,"keep","keep"
"W002",10,"1",7,"STARTLE",0,1,"C1",10.8,0.008,"W002_C1",2022-05-31,59,1,"M","Habituation","W002","GM","F","GM-F","C1","Ran at 30 - exclude","exclude","exclude"
"W002",12,"1",9,"STARTLE",0,2,"C1",0,0,"W002_C1",2022-05-31,59,1,"M","Habituation","W002","GM","F","GM-F","C1","Ran at 30 - exclude","exclude","exclude"
"W002",14,"1",11,"STARTLE",0,3,"C1",0,0,"W002_C1",2022-05-31,59,1,"M","Habituation","W002","GM","F","GM-F","C1","Ran at 30 - exclude","exclude","exclude"
"W004",10,"1",7,"STARTLE",0,1,"C1",10.8,0.083,"W004_C1",2022-05-31,17,1,"M","Habituation","W004","I","F","I-F","C1",NA,"keep","keep"
"W004",12,"1",9,"STARTLE",0,2,"C1",1.5,0,"W004_C1",2022-05-31,17,1,"M","Habituation","W004","I","F","I-F","C1",NA,"keep","keep"
"W004",14,"1",11,"STARTLE",0,3,"C1",0,0,"W004_C1",2022-05-31,17,1,"M","Habituation","W004","I","F","I-F","C1",NA,"keep","keep"
"W014",10,"1",7,"STARTLE",0,1,"C1",0,0,"W014_C1",2022-06-01,269,2,"A","Habituation","W014","GS","M","GS-M","C1",NA,"keep","keep"
"W014",12,"1",9,"STARTLE",0,2,"C1",3,0,"W014_C1",2022-06-01,269,2,"A","Habituation","W014","GS","M","GS-M","C1",NA,"keep","keep"
"W014",14,"1",11,"STARTLE",0,3,"C1",0,0,"W014_C1",2022-06-01,269,2,"A","Habituation","W014","GS","M","GS-M","C1",NA,"keep","keep"
"W020",10,"1",7,"STARTLE",0,1,"C1",0,0,"W020_C1",2022-06-07,395,3,"M","Habituation","W020","GS","F","GS-F","C1",NA,"keep","keep"
"W020",12,"1",9,"STARTLE",0,2,"C1",1.5,0,"W020_C1",2022-06-07,395,3,"M","Habituation","W020","GS","F","GS-F","C1",NA,"keep","keep"
"W020",14,"1",11,"STARTLE",0,3,"C1",0,0,"W020_C1",2022-06-07,395,3,"M","Habituation","W020","GS","F","GS-F","C1",NA,"keep","keep"
"W032",10,"1",7,"STARTLE",0,1,"C1",0,0,"W032_C1",2022-06-08,647,4,"A","Habituation","W032","I","M","I-M","C1",NA,"keep","keep"
"W032",12,"1",9,"STARTLE",0,2,"C1",4.9,0.052,"W032_C1",2022-06-08,647,4,"A","Habituation","W032","I","M","I-M","C1",NA,"keep","keep"
"W032",14,"1",11,"STARTLE",0,3,"C1",1.4,0,"W032_C1",2022-06-08,647,4,"A","Habituation","W032","I","M","I-M","C1",NA,"keep","keep"
"W040",10,"1",7,"STARTLE",0,1,"C1",3,0,"W040_C1",2022-06-14,815,5,"A","Habituation","W040","GS","M","GS-M","C1",NA,"keep","keep"
"W040",12,"1",9,"STARTLE",0,2,"C1",0,0,"W040_C1",2022-06-14,815,5,"A","Habituation","W040","GS","M","GS-M","C1",NA,"keep","keep"
"W040",14,"1",11,"STARTLE",0,3,"C1",0,0,"W040_C1",2022-06-14,815,5,"A","Habituation","W040","GS","M","GS-M","C1",NA,"keep","keep"
"W038",10,"1",7,"STARTLE",0,1,"C1",6.8,0.015,"W038_C1",2022-06-14,773,5,"A","Habituation","W038","GS","F","GS-F","C1",NA,"keep","keep"
"W038",12,"1",9,"STARTLE",0,2,"C1",8.4,0.001,"W038_C1",2022-06-14,773,5,"A","Habituation","W038","GS","F","GS-F","C1",NA,"keep","keep"
"W038",14,"1",11,"STARTLE",0,3,"C1",10.5,0.05,"W038_C1",2022-06-14,773,5,"A","Habituation","W038","GS","F","GS-F","C1",NA,"keep","keep"
"W044",10,"1",7,"STARTLE",0,1,"C1",7.9,0.026,"W044_C1",2022-06-16,899,6,"M","Habituation","W044","GM","F","GM-F","C1",NA,"keep","keep"
"W044",12,"1",9,"STARTLE",0,2,"C1",1.6,0,"W044_C1",2022-06-16,899,6,"M","Habituation","W044","GM","F","GM-F","C1",NA,"keep","keep"
"W044",14,"1",11,"STARTLE",0,3,"C1",0,0,"W044_C1",2022-06-16,899,6,"M","Habituation","W044","GM","F","GM-F","C1",NA,"keep","keep"
"W046",10,"1",7,"STARTLE",0,1,"C1",9.5,0.03,"W046_C1",2022-06-16,941,6,"A","Habituation","W046","I","M","I-M","C1",NA,"keep","keep"
"W046",12,"1",9,"STARTLE",0,2,"C1",9.3,0.043,"W046_C1",2022-06-16,941,6,"A","Habituation","W046","I","M","I-M","C1",NA,"keep","keep"
"W046",14,"1",11,"STARTLE",0,3,"C1",0,0,"W046_C1",2022-06-16,941,6,"A","Habituation","W046","I","M","I-M","C1",NA,"keep","keep"
"W004",10,"1",7,"STARTLE",0,1,"C2",3.1,0.006,"W004_C2",2022-05-31,18,1,"M","Habituation","W004","I","F","I-F","C2",NA,"keep","keep"
"W004",12,"1",9,"STARTLE",0,2,"C2",0,0,"W004_C2",2022-05-31,18,1,"M","Habituation","W004","I","F","I-F","C2",NA,"keep","keep"
"W004",14,"1",11,"STARTLE",0,3,"C2",0,0,"W004_C2",2022-05-31,18,1,"M","Habituation","W004","I","F","I-F","C2",NA,"keep","keep"
"W012",10,"1",7,"STARTLE",0,1,"C2",1.4,0,"W012_C2",2022-06-01,228,1,"M","Habituation","W012","GS","M","GS-M","C2",NA,"keep","keep"
"W012",12,"1",9,"STARTLE",0,2,"C2",0,0,"W012_C2",2022-06-01,228,1,"M","Habituation","W012","GS","M","GS-M","C2",NA,"keep","keep"
"W012",14,"1",11,"STARTLE",0,3,"C2",0,0,"W012_C2",2022-06-01,228,1,"M","Habituation","W012","GS","M","GS-M","C2",NA,"keep","keep"
"W014",10,"1",7,"STARTLE",0,1,"C2",0,0,"W014_C2",2022-06-01,270,2,"A","Habituation","W014","GS","M","GS-M","C2",NA,"keep","keep"
"W014",12,"1",9,"STARTLE",0,2,"C2",1.5,0,"W014_C2",2022-06-01,270,2,"A","Habituation","W014","GS","M","GS-M","C2",NA,"keep","keep"
"W014",14,"1",11,"STARTLE",0,3,"C2",0,0,"W014_C2",2022-06-01,270,2,"A","Habituation","W014","GS","M","GS-M","C2",NA,"keep","keep"
"W018",10,"1",7,"STARTLE",0,1,"C2",1.6,0,"W018_C2",2022-06-07,354,3,"M","Habituation","W018","GS","M","GS-M","C2",NA,"keep","keep"
"W018",12,"1",9,"STARTLE",0,2,"C2",0,0,"W018_C2",2022-06-07,354,3,"M","Habituation","W018","GS","M","GS-M","C2",NA,"keep","keep"
"W018",14,"1",11,"STARTLE",0,3,"C2",0,0,"W018_C2",2022-06-07,354,3,"M","Habituation","W018","GS","M","GS-M","C2",NA,"keep","keep"
"W028",10,"1",7,"STARTLE",0,1,"C2",0,0,"W028_C2",2022-06-08,564,4,"M","Habituation","W028","I","M","I-M","C2",NA,"keep","keep"
"W028",12,"1",9,"STARTLE",0,2,"C2",0,0,"W028_C2",2022-06-08,564,4,"M","Habituation","W028","I","M","I-M","C2",NA,"keep","keep"
"W028",14,"1",11,"STARTLE",0,3,"C2",1.6,0,"W028_C2",2022-06-08,564,4,"M","Habituation","W028","I","M","I-M","C2",NA,"keep","keep"
"W042",10,"1",7,"STARTLE",0,1,"C2",7.9,0.029,"W042_C2",2022-06-16,858,6,"M","Habituation","W042","GM","M","GM-M","C2",NA,"keep","keep"
"W042",12,"1",9,"STARTLE",0,2,"C2",1.4,0.005,"W042_C2",2022-06-16,858,6,"M","Habituation","W042","GM","M","GM-M","C2",NA,"keep","keep"
"W042",14,"1",11,"STARTLE",0,3,"C2",3.2,0.004,"W042_C2",2022-06-16,858,6,"M","Habituation","W042","GM","M","GM-M","C2",NA,"keep","keep"
"W004",10,"1",7,"STARTLE",0,1,"C3",6.3,0.015,"W004_C3",2022-05-31,19,1,"M","Habituation","W004","I","F","I-F","C3",NA,"keep","keep"
"W004",12,"1",9,"STARTLE",0,2,"C3",0,0,"W004_C3",2022-05-31,19,1,"M","Habituation","W004","I","F","I-F","C3",NA,"keep","keep"
"W004",14,"1",11,"STARTLE",0,3,"C3",0,0,"W004_C3",2022-05-31,19,1,"M","Habituation","W004","I","F","I-F","C3",NA,"keep","keep"
"W012",10,"1",7,"STARTLE",0,1,"C3",8,0.092,"W012_C3",2022-06-01,229,1,"M","Habituation","W012","GS","M","GS-M","C3",NA,"keep","keep"
"W012",12,"1",9,"STARTLE",0,2,"C3",0,0,"W012_C3",2022-06-01,229,1,"M","Habituation","W012","GS","M","GS-M","C3",NA,"keep","keep"
"W012",14,"1",11,"STARTLE",0,3,"C3",0,0,"W012_C3",2022-06-01,229,1,"M","Habituation","W012","GS","M","GS-M","C3",NA,"keep","keep"
"W010",10,"1",7,"STARTLE",0,1,"C3",0,0,"W010_C3",NA,NA,NA,NA,NA,NA,NA,NA,NA,NA,NA,NA,NA
"W010",12,"1",9,"STARTLE",0,2,"C3",2.9,0.003,"W010_C3",NA,NA,NA,NA,NA,NA,NA,NA,NA,NA,NA,NA,NA
"W010",14,"1",11,"STARTLE",0,3,"C3",0,0.001,"W010_C3",NA,NA,NA,NA,NA,NA,NA,NA,NA,NA,NA,NA,NA
"W016",10,"1",7,"STARTLE",0,1,"C3",4.8,0.014,"W016_C3",2022-06-01,313,2,"A","Habituation","W016","GM","M","GM-M","C3",NA,"keep","keep"
"W016",12,"1",9,"STARTLE",0,2,"C3",0,0,"W016_C3",2022-06-01,313,2,"A","Habituation","W016","GM","M","GM-M","C3",NA,"keep","keep"
"W016",14,"1",11,"STARTLE",0,3,"C3",6.4,0.009,"W016_C3",2022-06-01,313,2,"A","Habituation","W016","GM","M","GM-M","C3",NA,"keep","keep"
"W014",10,"1",7,"STARTLE",0,1,"C3",1.5,0,"W014_C3",2022-06-01,271,2,"A","Habituation","W014","GS","M","GS-M","C3",NA,"keep","keep"
"W014",12,"1",9,"STARTLE",0,2,"C3",1.6,0,"W014_C3",2022-06-01,271,2,"A","Habituation","W014","GS","M","GS-M","C3",NA,"keep","keep"
"W014",14,"1",11,"STARTLE",0,3,"C3",0,0,"W014_C3",2022-06-01,271,2,"A","Habituation","W014","GS","M","GS-M","C3",NA,"keep","keep"
"W022",10,"1",7,"STARTLE",0,1,"C3",0,0,"W022_C3",2022-06-07,439,3,"A","Habituation","W022","I","M","I-M","C3",NA,"keep","keep"
"W022",12,"1",9,"STARTLE",0,2,"C3",3.2,0.008,"W022_C3",2022-06-07,439,3,"A","Habituation","W022","I","M","I-M","C3",NA,"keep","keep"
"W022",14,"1",11,"STARTLE",0,3,"C3",0,0,"W022_C3",2022-06-07,439,3,"A","Habituation","W022","I","M","I-M","C3",NA,"keep","keep"
"W040",10,"1",7,"STARTLE",0,1,"C3",0,0,"W040_C3",2022-06-14,817,5,"A","Habituation","W040","GS","M","GS-M","C3",NA,"keep","keep"
"W040",12,"1",9,"STARTLE",0,2,"C3",1.6,0,"W040_C3",2022-06-14,817,5,"A","Habituation","W040","GS","M","GS-M","C3",NA,"keep","keep"
"W040",14,"1",11,"STARTLE",0,3,"C3",0,0,"W040_C3",2022-06-14,817,5,"A","Habituation","W040","GS","M","GS-M","C3",NA,"keep","keep"
"W038",10,"1",7,"STARTLE",0,1,"C3",0,0,"W038_C3",2022-06-14,775,5,"A","Habituation","W038","GS","F","GS-F","C3",NA,"keep","keep"
"W038",12,"1",9,"STARTLE",0,2,"C3",5.3,0.02,"W038_C3",2022-06-14,775,5,"A","Habituation","W038","GS","F","GS-F","C3",NA,"keep","keep"
"W038",14,"1",11,"STARTLE",0,3,"C3",12.5,0.021,"W038_C3",2022-06-14,775,5,"A","Habituation","W038","GS","F","GS-F","C3",NA,"keep","keep"
"W048",10,"1",7,"STARTLE",0,1,"C3",1.5,0,"W048_C3",2022-06-16,985,6,"A","Habituation","W048","GS","F","GS-F","C3",NA,"keep","keep"
"W048",12,"1",9,"STARTLE",0,2,"C3",1.4,0,"W048_C3",2022-06-16,985,6,"A","Habituation","W048","GS","F","GS-F","C3",NA,"keep","keep"
"W048",14,"1",11,"STARTLE",0,3,"C3",0,0,"W048_C3",2022-06-16,985,6,"A","Habituation","W048","GS","F","GS-F","C3",NA,"keep","keep"
"W046",10,"1",7,"STARTLE",0,1,"C3",0,0,"W046_C3",2022-06-16,943,6,"A","Habituation","W046","I","M","I-M","C3",NA,"keep","keep"
"W046",12,"1",9,"STARTLE",0,2,"C3",4.6,0.001,"W046_C3",2022-06-16,943,6,"A","Habituation","W046","I","M","I-M","C3",NA,"keep","keep"
"W046",14,"1",11,"STARTLE",0,3,"C3",0,0,"W046_C3",2022-06-16,943,6,"A","Habituation","W046","I","M","I-M","C3",NA,"keep","keep"
"W002",10,"1",7,"STARTLE",0,1,"C4",10.8,0.095,"W002_C4",2022-05-31,62,1,"M","Habituation","W002","GM","F","GM-F","C4","Ran at 30 - exclude","exclude","exclude"
"W002",12,"1",9,"STARTLE",0,2,"C4",5,0.018,"W002_C4",2022-05-31,62,1,"M","Habituation","W002","GM","F","GM-F","C4","Ran at 30 - exclude","exclude","exclude"
"W002",14,"1",11,"STARTLE",0,3,"C4",7,0.061,"W002_C4",2022-05-31,62,1,"M","Habituation","W002","GM","F","GM-F","C4","Ran at 30 - exclude","exclude","exclude"
"W016",10,"1",7,"STARTLE",0,1,"C4",0,0,"W016_C4",2022-06-01,314,2,"A","Habituation","W016","GM","M","GM-M","C4",NA,"keep","keep"
"W016",12,"1",9,"STARTLE",0,2,"C4",6.4,0.087,"W016_C4",2022-06-01,314,2,"A","Habituation","W016","GM","M","GM-M","C4",NA,"keep","keep"
"W016",14,"1",11,"STARTLE",0,3,"C4",0,0,"W016_C4",2022-06-01,314,2,"A","Habituation","W016","GM","M","GM-M","C4",NA,"keep","keep"
"W040",10,"1",7,"STARTLE",0,1,"C4",0,0,"W040_C4",2022-06-14,818,5,"A","Habituation","W040","GS","M","GS-M","C4",NA,"keep","keep"
"W040",12,"1",9,"STARTLE",0,2,"C4",4.4,0,"W040_C4",2022-06-14,818,5,"A","Habituation","W040","GS","M","GS-M","C4",NA,"keep","keep"
"W040",14,"1",11,"STARTLE",0,3,"C4",0,0,"W040_C4",2022-06-14,818,5,"A","Habituation","W040","GS","M","GS-M","C4",NA,"keep","keep"
"W046",10,"1",7,"STARTLE",0,1,"C4",4.7,0.001,"W046_C4",2022-06-16,944,6,"A","Habituation","W046","I","M","I-M","C4",NA,"keep","keep"
"W046",12,"1",9,"STARTLE",0,2,"C4",0,0,"W046_C4",2022-06-16,944,6,"A","Habituation","W046","I","M","I-M","C4",NA,"keep","keep"
"W046",14,"1",11,"STARTLE",0,3,"C4",0,0,"W046_C4",2022-06-16,944,6,"A","Habituation","W046","I","M","I-M","C4",NA,"keep","keep"
"W006",10,"1",7,"STARTLE",0,1,"C5",1.5,0,"W006_C5",2022-05-31,105,1,"A","Habituation","W006","GS","M","GS-M","C5",NA,"keep","keep"
"W006",12,"1",9,"STARTLE",0,2,"C5",0,0,"W006_C5",2022-05-31,105,1,"A","Habituation","W006","GS","M","GS-M","C5",NA,"keep","keep"
"W006",14,"1",11,"STARTLE",0,3,"C5",0,0,"W006_C5",2022-05-31,105,1,"A","Habituation","W006","GS","M","GS-M","C5",NA,"keep","keep"
"W018",10,"1",7,"STARTLE",0,1,"C5",1.5,0,"W018_C5",2022-06-07,357,3,"M","Habituation","W018","GS","M","GS-M","C5",NA,"keep","keep"
"W018",12,"1",9,"STARTLE",0,2,"C5",3,0,"W018_C5",2022-06-07,357,3,"M","Habituation","W018","GS","M","GS-M","C5",NA,"keep","keep"
"W018",14,"1",11,"STARTLE",0,3,"C5",2.9,0,"W018_C5",2022-06-07,357,3,"M","Habituation","W018","GS","M","GS-M","C5",NA,"keep","keep"
"W022",10,"1",7,"STARTLE",0,1,"C5",0,0,"W022_C5",2022-06-07,441,3,"A","Habituation","W022","I","M","I-M","C5",NA,"keep","keep"
"W022",12,"1",9,"STARTLE",0,2,"C5",1.5,0,"W022_C5",2022-06-07,441,3,"A","Habituation","W022","I","M","I-M","C5",NA,"keep","keep"
"W022",14,"1",11,"STARTLE",0,3,"C5",0,0,"W022_C5",2022-06-07,441,3,"A","Habituation","W022","I","M","I-M","C5",NA,"keep","keep"
"W038",10,"1",7,"STARTLE",0,1,"C5",0,0,"W038_C5",2022-06-14,777,5,"A","Habituation","W038","GS","F","GS-F","C5",NA,"keep","keep"
"W038",12,"1",9,"STARTLE",0,2,"C5",0,0,"W038_C5",2022-06-14,777,5,"A","Habituation","W038","GS","F","GS-F","C5",NA,"keep","keep"
"W038",14,"1",11,"STARTLE",0,3,"C5",1.4,0,"W038_C5",2022-06-14,777,5,"A","Habituation","W038","GS","F","GS-F","C5",NA,"keep","keep"
"W046",10,"1",7,"STARTLE",0,1,"C5",6.2,0.033,"W046_C5",2022-06-16,945,6,"A","Habituation","W046","I","M","I-M","C5",NA,"keep","keep"
"W046",12,"1",9,"STARTLE",0,2,"C5",0,0.001,"W046_C5",2022-06-16,945,6,"A","Habituation","W046","I","M","I-M","C5",NA,"keep","keep"
"W046",14,"1",11,"STARTLE",0,3,"C5",0,0,"W046_C5",2022-06-16,945,6,"A","Habituation","W046","I","M","I-M","C5",NA,"keep","keep"
"W002",10,"1",7,"STARTLE",0,1,"C6",6.6,0.012,"W002_C6",2022-05-31,64,1,"M","Habituation","W002","I","M","I-M","C6","Ran at 30 - exclude","exclude","exclude"
"W002",12,"1",9,"STARTLE",0,2,"C6",1.5,0,"W002_C6",2022-05-31,64,1,"M","Habituation","W002","I","M","I-M","C6","Ran at 30 - exclude","exclude","exclude"
"W002",14,"1",11,"STARTLE",0,3,"C6",0,0,"W002_C6",2022-05-31,64,1,"M","Habituation","W002","I","M","I-M","C6","Ran at 30 - exclude","exclude","exclude"
"W004",10,"1",7,"STARTLE",0,1,"C6",1.7,0.002,"W004_C6",2022-05-31,22,1,"M","Habituation","W004","GS","M","GS-M","C6",NA,"keep","keep"
"W004",12,"1",9,"STARTLE",0,2,"C6",4.7,0.006,"W004_C6",2022-05-31,22,1,"M","Habituation","W004","GS","M","GS-M","C6",NA,"keep","keep"
"W004",14,"1",11,"STARTLE",0,3,"C6",0,0,"W004_C6",2022-05-31,22,1,"M","Habituation","W004","GS","M","GS-M","C6",NA,"keep","keep"
"W012",10,"1",7,"STARTLE",0,1,"C6",1.5,0.022,"W012_C6",2022-06-01,232,1,"M","Habituation","W012","I","F","I-F","C6",NA,"keep","keep"
"W012",12,"1",9,"STARTLE",0,2,"C6",0,0,"W012_C6",2022-06-01,232,1,"M","Habituation","W012","I","F","I-F","C6",NA,"keep","keep"
"W012",14,"1",11,"STARTLE",0,3,"C6",0,0,"W012_C6",2022-06-01,232,1,"M","Habituation","W012","I","F","I-F","C6",NA,"keep","keep"
"W044",10,"1",7,"STARTLE",0,1,"C6",1.5,0,"W044_C6",2022-06-16,904,6,"M","Habituation","W044","GS","M","GS-M","C6",NA,"keep","keep"
"W044",12,"1",9,"STARTLE",0,2,"C6",0,0,"W044_C6",2022-06-16,904,6,"M","Habituation","W044","GS","M","GS-M","C6",NA,"keep","keep"
"W044",14,"1",11,"STARTLE",0,3,"C6",1.4,0,"W044_C6",2022-06-16,904,6,"M","Habituation","W044","GS","M","GS-M","C6",NA,"keep","keep"
"W016",10,"1",7,"STARTLE",0,1,"C7",6.2,0.007,"W016_C7",2022-06-01,317,2,"A","Habituation","W016","GS","M","GS-M","C7",NA,"keep","keep"
"W016",12,"1",9,"STARTLE",0,2,"C7",0,0,"W016_C7",2022-06-01,317,2,"A","Habituation","W016","GS","M","GS-M","C7",NA,"keep","keep"
"W016",14,"1",11,"STARTLE",0,3,"C7",0,0,"W016_C7",2022-06-01,317,2,"A","Habituation","W016","GS","M","GS-M","C7",NA,"keep","keep"
"W014",10,"1",7,"STARTLE",0,1,"C7",17,0.035,"W014_C7",2022-06-01,275,2,"A","Habituation","W014","I","F","I-F","C7",NA,"keep","keep"
"W014",12,"1",9,"STARTLE",0,2,"C7",18.4,0.072,"W014_C7",2022-06-01,275,2,"A","Habituation","W014","I","F","I-F","C7",NA,"keep","keep"
"W014",14,"1",11,"STARTLE",0,3,"C7",16.1,0.146,"W014_C7",2022-06-01,275,2,"A","Habituation","W014","I","F","I-F","C7",NA,"keep","keep"
"W020",10,"1",7,"STARTLE",0,1,"C7",13.4,0.007,"W020_C7",2022-06-07,401,3,"M","Habituation","W020","I","F","I-F","C7",NA,"keep","keep"
"W020",12,"1",9,"STARTLE",0,2,"C7",4.7,0.01,"W020_C7",2022-06-07,401,3,"M","Habituation","W020","I","F","I-F","C7",NA,"keep","keep"
"W020",14,"1",11,"STARTLE",0,3,"C7",0,0,"W020_C7",2022-06-07,401,3,"M","Habituation","W020","I","F","I-F","C7",NA,"keep","keep"
"W026",10,"1",7,"STARTLE",0,1,"C7",0,0,"W026_C7",NA,NA,NA,NA,NA,NA,NA,NA,NA,NA,NA,NA,NA
"W026",12,"1",9,"STARTLE",0,2,"C7",0,0,"W026_C7",NA,NA,NA,NA,NA,NA,NA,NA,NA,NA,NA,NA,NA
"W026",14,"1",11,"STARTLE",0,3,"C7",3.1,0,"W026_C7",NA,NA,NA,NA,NA,NA,NA,NA,NA,NA,NA,NA,NA
"W002",10,"1",7,"STARTLE",0,1,"C8",1.7,0.007,"W002_C8",2022-05-31,66,1,"M","Habituation","W002","I","M","I-M","C8","Ran at 30 - exclude","exclude","exclude"
"W002",12,"1",9,"STARTLE",0,2,"C8",0,0,"W002_C8",2022-05-31,66,1,"M","Habituation","W002","I","M","I-M","C8","Ran at 30 - exclude","exclude","exclude"
"W002",14,"1",11,"STARTLE",0,3,"C8",0,0,"W002_C8",2022-05-31,66,1,"M","Habituation","W002","I","M","I-M","C8","Ran at 30 - exclude","exclude","exclude"
"W016",10,"1",7,"STARTLE",0,1,"C8",0,0,"W016_C8",2022-06-01,318,2,"A","Habituation","W016","GS","M","GS-M","C8",NA,"keep","keep"
"W016",12,"1",9,"STARTLE",0,2,"C8",1.4,0,"W016_C8",2022-06-01,318,2,"A","Habituation","W016","GS","M","GS-M","C8",NA,"keep","keep"
"W016",14,"1",11,"STARTLE",0,3,"C8",0,0,"W016_C8",2022-06-01,318,2,"A","Habituation","W016","GS","M","GS-M","C8",NA,"keep","keep"
"W020",10,"1",7,"STARTLE",0,1,"C8",5.6,0.001,"W020_C8",2022-06-07,402,3,"M","Habituation","W020","I","F","I-F","C8",NA,"keep","keep"
"W020",12,"1",9,"STARTLE",0,2,"C8",2.9,0.003,"W020_C8",2022-06-07,402,3,"M","Habituation","W020","I","F","I-F","C8",NA,"keep","keep"
"W020",14,"1",11,"STARTLE",0,3,"C8",7.6,0.025,"W020_C8",2022-06-07,402,3,"M","Habituation","W020","I","F","I-F","C8",NA,"keep","keep"
"W022",10,"1",7,"STARTLE",0,1,"C8",6.7,0.035,"W022_C8",2022-06-07,444,3,"A","Habituation","W022","GM","F","GM-F","C8",NA,"keep","keep"
"W022",12,"1",9,"STARTLE",0,2,"C8",0,0,"W022_C8",2022-06-07,444,3,"A","Habituation","W022","GM","F","GM-F","C8",NA,"keep","keep"
"W022",14,"1",11,"STARTLE",0,3,"C8",0,0,"W022_C8",2022-06-07,444,3,"A","Habituation","W022","GM","F","GM-F","C8",NA,"keep","keep"
"W032",10,"1",7,"STARTLE",0,1,"C8",3.1,0,"W032_C8",2022-06-08,654,4,"A","Habituation","W032","I","F","I-F","C8",NA,"keep","keep"
"W032",12,"1",9,"STARTLE",0,2,"C8",1.6,0,"W032_C8",2022-06-08,654,4,"A","Habituation","W032","I","F","I-F","C8",NA,"keep","keep"
"W032",14,"1",11,"STARTLE",0,3,"C8",4.7,0,"W032_C8",2022-06-08,654,4,"A","Habituation","W032","I","F","I-F","C8",NA,"keep","keep"
"W004",10,"1",7,"STARTLE",0,1,"D1",4.7,0.027,"W004_D1",2022-05-31,25,1,"M","Habituation","W004","GS","M","GS-M","D1",NA,"keep","keep"
"W004",12,"1",9,"STARTLE",0,2,"D1",12.7,0.037,"W004_D1",2022-05-31,25,1,"M","Habituation","W004","GS","M","GS-M","D1",NA,"keep","keep"
"W004",14,"1",11,"STARTLE",0,3,"D1",15.1,0.045,"W004_D1",2022-05-31,25,1,"M","Habituation","W004","GS","M","GS-M","D1",NA,"keep","keep"
"W010",10,"1",7,"STARTLE",0,1,"D1",28.1,0.126,"W010_D1",NA,NA,NA,NA,NA,NA,NA,NA,NA,NA,NA,NA,NA
"W010",12,"1",9,"STARTLE",0,2,"D1",0,0,"W010_D1",NA,NA,NA,NA,NA,NA,NA,NA,NA,NA,NA,NA,NA
"W010",14,"1",11,"STARTLE",0,3,"D1",1.5,0,"W010_D1",NA,NA,NA,NA,NA,NA,NA,NA,NA,NA,NA,NA,NA
"W014",10,"1",7,"STARTLE",0,1,"D1",1.5,0,"W014_D1",2022-06-01,277,2,"A","Habituation","W014","I","F","I-F","D1",NA,"keep","keep"
"W014",12,"1",9,"STARTLE",0,2,"D1",2.9,0,"W014_D1",2022-06-01,277,2,"A","Habituation","W014","I","F","I-F","D1",NA,"keep","keep"
"W014",14,"1",11,"STARTLE",0,3,"D1",4.6,0,"W014_D1",2022-06-01,277,2,"A","Habituation","W014","I","F","I-F","D1",NA,"keep","keep"
"W018",10,"1",7,"STARTLE",0,1,"D1",10.8,0.074,"W018_D1",2022-06-07,361,3,"M","Habituation","W018","I","F","I-F","D1",NA,"keep","keep"
"W018",12,"1",9,"STARTLE",0,2,"D1",0,0,"W018_D1",2022-06-07,361,3,"M","Habituation","W018","I","F","I-F","D1",NA,"keep","keep"
"W018",14,"1",11,"STARTLE",0,3,"D1",0,0,"W018_D1",2022-06-07,361,3,"M","Habituation","W018","I","F","I-F","D1",NA,"keep","keep"
"W022",10,"1",7,"STARTLE",0,1,"D1",11.4,0.169,"W022_D1",2022-06-07,445,3,"A","Habituation","W022","GM","F","GM-F","D1",NA,"keep","keep"
"W022",12,"1",9,"STARTLE",0,2,"D1",0,0,"W022_D1",2022-06-07,445,3,"A","Habituation","W022","GM","F","GM-F","D1",NA,"keep","keep"
"W022",14,"1",11,"STARTLE",0,3,"D1",0,0,"W022_D1",2022-06-07,445,3,"A","Habituation","W022","GM","F","GM-F","D1",NA,"keep","keep"
"W032",10,"1",7,"STARTLE",0,1,"D1",6.5,0.096,"W032_D1",2022-06-08,655,4,"A","Habituation","W032","I","F","I-F","D1",NA,"keep","keep"
"W032",12,"1",9,"STARTLE",0,2,"D1",0,0,"W032_D1",2022-06-08,655,4,"A","Habituation","W032","I","F","I-F","D1",NA,"keep","keep"
"W032",14,"1",11,"STARTLE",0,3,"D1",0,0,"W032_D1",2022-06-08,655,4,"A","Habituation","W032","I","F","I-F","D1",NA,"keep","keep"
"W034",10,"1",7,"STARTLE",0,1,"D1",0,0,"W034_D1",2022-06-14,697,5,"M","Habituation","W034","GM","M","GM-M","D1",NA,"keep","keep"
"W034",12,"1",9,"STARTLE",0,2,"D1",1.7,0,"W034_D1",2022-06-14,697,5,"M","Habituation","W034","GM","M","GM-M","D1",NA,"keep","keep"
"W034",14,"1",11,"STARTLE",0,3,"D1",0,0,"W034_D1",2022-06-14,697,5,"M","Habituation","W034","GM","M","GM-M","D1",NA,"keep","keep"
"W038",10,"1",7,"STARTLE",0,1,"D1",9.2,0.021,"W038_D1",2022-06-14,781,5,"A","Habituation","W038","GS","M","GS-M","D1",NA,"keep","keep"
"W038",12,"1",9,"STARTLE",0,2,"D1",8.1,0.027,"W038_D1",2022-06-14,781,5,"A","Habituation","W038","GS","M","GS-M","D1",NA,"keep","keep"
"W038",14,"1",11,"STARTLE",0,3,"D1",6.4,0.007,"W038_D1",2022-06-14,781,5,"A","Habituation","W038","GS","M","GS-M","D1",NA,"keep","keep"
"W002",10,"1",7,"STARTLE",0,1,"D2",1.9,0.004,"W002_D2",2022-05-31,68,1,"M","Habituation","W002","I","M","I-M","D2","Ran at 30 - exclude","exclude","exclude"
"W002",12,"1",9,"STARTLE",0,2,"D2",6.4,0.036,"W002_D2",2022-05-31,68,1,"M","Habituation","W002","I","M","I-M","D2","Ran at 30 - exclude","exclude","exclude"
"W002",14,"1",11,"STARTLE",0,3,"D2",15.3,0.121,"W002_D2",2022-05-31,68,1,"M","Habituation","W002","I","M","I-M","D2","Ran at 30 - exclude","exclude","exclude"
"W004",10,"1",7,"STARTLE",0,1,"D2",4.7,0.029,"W004_D2",2022-05-31,26,1,"M","Habituation","W004","GS","M","GS-M","D2",NA,"keep","keep"
"W004",12,"1",9,"STARTLE",0,2,"D2",0,0,"W004_D2",2022-05-31,26,1,"M","Habituation","W004","GS","M","GS-M","D2",NA,"keep","keep"
"W004",14,"1",11,"STARTLE",0,3,"D2",7.8,0.035,"W004_D2",2022-05-31,26,1,"M","Habituation","W004","GS","M","GS-M","D2",NA,"keep","keep"
"W006",10,"1",7,"STARTLE",0,1,"D2",8.2,0.041,"W006_D2",2022-05-31,110,1,"A","Habituation","W006","GM","M","GM-M","D2",NA,"keep","keep"
"W006",12,"1",9,"STARTLE",0,2,"D2",13.3,0.032,"W006_D2",2022-05-31,110,1,"A","Habituation","W006","GM","M","GM-M","D2",NA,"keep","keep"
"W006",14,"1",11,"STARTLE",0,3,"D2",15.6,0.06,"W006_D2",2022-05-31,110,1,"A","Habituation","W006","GM","M","GM-M","D2",NA,"keep","keep"
"W012",10,"1",7,"STARTLE",0,1,"D2",8.3,0.017,"W012_D2",2022-06-01,236,1,"M","Habituation","W012","I","F","I-F","D2",NA,"keep","keep"
"W012",12,"1",9,"STARTLE",0,2,"D2",0,0,"W012_D2",2022-06-01,236,1,"M","Habituation","W012","I","F","I-F","D2",NA,"keep","keep"
"W012",14,"1",11,"STARTLE",0,3,"D2",0,0,"W012_D2",2022-06-01,236,1,"M","Habituation","W012","I","F","I-F","D2",NA,"keep","keep"
"W020",10,"1",7,"STARTLE",0,1,"D2",0,0,"W020_D2",2022-06-07,404,3,"M","Habituation","W020","I","F","I-F","D2",NA,"keep","keep"
"W020",12,"1",9,"STARTLE",0,2,"D2",9.5,0.06,"W020_D2",2022-06-07,404,3,"M","Habituation","W020","I","F","I-F","D2",NA,"keep","keep"
"W020",14,"1",11,"STARTLE",0,3,"D2",0,0,"W020_D2",2022-06-07,404,3,"M","Habituation","W020","I","F","I-F","D2",NA,"keep","keep"
"W004",10,"1",7,"STARTLE",0,1,"D3",8.7,0.009,"W004_D3",2022-05-31,27,1,"M","Habituation","W004","GS","M","GS-M","D3",NA,"keep","keep"
"W004",12,"1",9,"STARTLE",0,2,"D3",6.3,0.006,"W004_D3",2022-05-31,27,1,"M","Habituation","W004","GS","M","GS-M","D3",NA,"keep","keep"
"W004",14,"1",11,"STARTLE",0,3,"D3",3.1,0,"W004_D3",2022-05-31,27,1,"M","Habituation","W004","GS","M","GS-M","D3",NA,"keep","keep"
"W006",10,"1",7,"STARTLE",0,1,"D3",0,0,"W006_D3",2022-05-31,111,1,"A","Habituation","W006","GM","M","GM-M","D3",NA,"keep","keep"
"W006",12,"1",9,"STARTLE",0,2,"D3",3.4,0.006,"W006_D3",2022-05-31,111,1,"A","Habituation","W006","GM","M","GM-M","D3",NA,"keep","keep"
"W006",14,"1",11,"STARTLE",0,3,"D3",0,0,"W006_D3",2022-05-31,111,1,"A","Habituation","W006","GM","M","GM-M","D3",NA,"keep","keep"
"W014",10,"1",7,"STARTLE",0,1,"D3",11.8,0.073,"W014_D3",2022-06-01,279,2,"A","Habituation","W014","I","F","I-F","D3",NA,"keep","keep"
"W014",12,"1",9,"STARTLE",0,2,"D3",5.8,0.055,"W014_D3",2022-06-01,279,2,"A","Habituation","W014","I","F","I-F","D3",NA,"keep","keep"
"W014",14,"1",11,"STARTLE",0,3,"D3",10.5,0.069,"W014_D3",2022-06-01,279,2,"A","Habituation","W014","I","F","I-F","D3",NA,"keep","keep"
"W026",10,"1",7,"STARTLE",0,1,"D3",1.7,0,"W026_D3",NA,NA,NA,NA,NA,NA,NA,NA,NA,NA,NA,NA,NA
"W026",12,"1",9,"STARTLE",0,2,"D3",2.9,0,"W026_D3",NA,NA,NA,NA,NA,NA,NA,NA,NA,NA,NA,NA,NA
"W026",14,"1",11,"STARTLE",0,3,"D3",4.7,0.002,"W026_D3",NA,NA,NA,NA,NA,NA,NA,NA,NA,NA,NA,NA,NA
"W002",10,"1",7,"STARTLE",0,1,"D4",14.4,0.069,"W002_D4",2022-05-31,70,1,"M","Habituation","W002","I","M","I-M","D4","Ran at 30 - exclude","exclude","exclude"
"W002",12,"1",9,"STARTLE",0,2,"D4",16.7,0.096,"W002_D4",2022-05-31,70,1,"M","Habituation","W002","I","M","I-M","D4","Ran at 30 - exclude","exclude","exclude"
"W002",14,"1",11,"STARTLE",0,3,"D4",12.5,0.094,"W002_D4",2022-05-31,70,1,"M","Habituation","W002","I","M","I-M","D4","Ran at 30 - exclude","exclude","exclude"
"W016",10,"1",7,"STARTLE",0,1,"D4",0,0,"W016_D4",2022-06-01,322,2,"A","Habituation","W016","GS","M","GS-M","D4",NA,"keep","keep"
"W016",12,"1",9,"STARTLE",0,2,"D4",1.4,0,"W016_D4",2022-06-01,322,2,"A","Habituation","W016","GS","M","GS-M","D4",NA,"keep","keep"
"W016",14,"1",11,"STARTLE",0,3,"D4",0,0,"W016_D4",2022-06-01,322,2,"A","Habituation","W016","GS","M","GS-M","D4",NA,"keep","keep"
"W028",10,"1",7,"STARTLE",0,1,"D4",1.6,0.002,"W028_D4",2022-06-08,574,4,"M","Habituation","W028","GS","M","GS-M","D4",NA,"keep","keep"
"W028",12,"1",9,"STARTLE",0,2,"D4",1.5,0,"W028_D4",2022-06-08,574,4,"M","Habituation","W028","GS","M","GS-M","D4",NA,"keep","keep"
"W028",14,"1",11,"STARTLE",0,3,"D4",0,0,"W028_D4",2022-06-08,574,4,"M","Habituation","W028","GS","M","GS-M","D4",NA,"keep","keep"
"W038",10,"1",7,"STARTLE",0,1,"D4",4.4,0.004,"W038_D4",2022-06-14,784,5,"A","Habituation","W038","GS","M","GS-M","D4",NA,"keep","keep"
"W038",12,"1",9,"STARTLE",0,2,"D4",0,0,"W038_D4",2022-06-14,784,5,"A","Habituation","W038","GS","M","GS-M","D4",NA,"keep","keep"
"W038",14,"1",11,"STARTLE",0,3,"D4",1.5,0,"W038_D4",2022-06-14,784,5,"A","Habituation","W038","GS","M","GS-M","D4",NA,"keep","keep"
"W002",10,"1",7,"STARTLE",0,1,"D5",0,0,"W002_D5",2022-05-31,71,1,"M","Habituation","W002","I","F","I-F","D5","Ran at 30 - exclude","exclude","exclude"
"W002",12,"1",9,"STARTLE",0,2,"D5",2.9,0.025,"W002_D5",2022-05-31,71,1,"M","Habituation","W002","I","F","I-F","D5","Ran at 30 - exclude","exclude","exclude"
"W002",14,"1",11,"STARTLE",0,3,"D5",1.5,0,"W002_D5",2022-05-31,71,1,"M","Habituation","W002","I","F","I-F","D5","Ran at 30 - exclude","exclude","exclude"
"W012",10,"1",7,"STARTLE",0,1,"D5",0,0,"W012_D5",2022-06-01,239,1,"M","Habituation","W012","GM","M","GM-M","D5",NA,"keep","keep"
"W012",12,"1",9,"STARTLE",0,2,"D5",6.1,0.005,"W012_D5",2022-06-01,239,1,"M","Habituation","W012","GM","M","GM-M","D5",NA,"keep","keep"
"W012",14,"1",11,"STARTLE",0,3,"D5",4.5,0.011,"W012_D5",2022-06-01,239,1,"M","Habituation","W012","GM","M","GM-M","D5",NA,"keep","keep"
"W038",10,"1",7,"STARTLE",0,1,"D5",1.5,0,"W038_D5",2022-06-14,785,5,"A","Habituation","W038","I","F","I-F","D5",NA,"keep","keep"
"W038",12,"1",9,"STARTLE",0,2,"D5",3.3,0.002,"W038_D5",2022-06-14,785,5,"A","Habituation","W038","I","F","I-F","D5",NA,"keep","keep"
"W038",14,"1",11,"STARTLE",0,3,"D5",4.4,0.012,"W038_D5",2022-06-14,785,5,"A","Habituation","W038","I","F","I-F","D5",NA,"keep","keep"
"W048",10,"1",7,"STARTLE",0,1,"D5",1.6,0,"W048_D5",2022-06-16,995,6,"A","Habituation","W048","GM","M","GM-M","D5",NA,"keep","keep"
"W048",12,"1",9,"STARTLE",0,2,"D5",0,0,"W048_D5",2022-06-16,995,6,"A","Habituation","W048","GM","M","GM-M","D5",NA,"keep","keep"
"W048",14,"1",11,"STARTLE",0,3,"D5",0,0,"W048_D5",2022-06-16,995,6,"A","Habituation","W048","GM","M","GM-M","D5",NA,"keep","keep"
"W002",10,"1",7,"STARTLE",0,1,"D6",0,0,"W002_D6",2022-05-31,72,1,"M","Habituation","W002","I","F","I-F","D6","Ran at 30 - exclude","exclude","exclude"
"W002",12,"1",9,"STARTLE",0,2,"D6",7.9,0.028,"W002_D6",2022-05-31,72,1,"M","Habituation","W002","I","F","I-F","D6","Ran at 30 - exclude","exclude","exclude"
"W002",14,"1",11,"STARTLE",0,3,"D6",4.7,0.018,"W002_D6",2022-05-31,72,1,"M","Habituation","W002","I","F","I-F","D6","Ran at 30 - exclude","exclude","exclude"
"W012",10,"1",7,"STARTLE",0,1,"D6",1.4,0,"W012_D6",2022-06-01,240,1,"M","Habituation","W012","GM","M","GM-M","D6",NA,"keep","keep"
"W012",12,"1",9,"STARTLE",0,2,"D6",2.9,0.009,"W012_D6",2022-06-01,240,1,"M","Habituation","W012","GM","M","GM-M","D6",NA,"keep","keep"
"W012",14,"1",11,"STARTLE",0,3,"D6",4.6,0.001,"W012_D6",2022-06-01,240,1,"M","Habituation","W012","GM","M","GM-M","D6",NA,"keep","keep"
"W024",10,"1",7,"STARTLE",0,1,"D6",3.2,0,"W024_D6",2022-06-07,492,3,"A","Habituation","W024","GS","M","GS-M","D6",NA,"keep","keep"
"W024",12,"1",9,"STARTLE",0,2,"D6",0,0,"W024_D6",2022-06-07,492,3,"A","Habituation","W024","GS","M","GS-M","D6",NA,"keep","keep"
"W024",14,"1",11,"STARTLE",0,3,"D6",0,0,"W024_D6",2022-06-07,492,3,"A","Habituation","W024","GS","M","GS-M","D6",NA,"keep","keep"
"W030",10,"1",7,"STARTLE",0,1,"D6",0,0,"W030_D6",2022-06-08,618,4,"A","Habituation","W030","GM","F","GM-F","D6",NA,"keep","keep"
"W030",12,"1",9,"STARTLE",0,2,"D6",1.4,0,"W030_D6",2022-06-08,618,4,"A","Habituation","W030","GM","F","GM-F","D6",NA,"keep","keep"
"W030",14,"1",11,"STARTLE",0,3,"D6",0,0,"W030_D6",2022-06-08,618,4,"A","Habituation","W030","GM","F","GM-F","D6",NA,"keep","keep"
"W036",10,"1",7,"STARTLE",0,1,"D6",7.5,0.032,"W036_D6",2022-06-14,744,5,"M","Habituation","W036","GM","F","GM-F","D6",NA,"keep","keep"
"W036",12,"1",9,"STARTLE",0,2,"D6",0,0,"W036_D6",2022-06-14,744,5,"M","Habituation","W036","GM","F","GM-F","D6",NA,"keep","keep"
"W036",14,"1",11,"STARTLE",0,3,"D6",0,0,"W036_D6",2022-06-14,744,5,"M","Habituation","W036","GM","F","GM-F","D6",NA,"keep","keep"
"W048",10,"1",7,"STARTLE",0,1,"D6",0,0,"W048_D6",2022-06-16,996,6,"A","Habituation","W048","GM","M","GM-M","D6",NA,"keep","keep"
"W048",12,"1",9,"STARTLE",0,2,"D6",0,0,"W048_D6",2022-06-16,996,6,"A","Habituation","W048","GM","M","GM-M","D6",NA,"keep","keep"
"W048",14,"1",11,"STARTLE",0,3,"D6",1.7,0,"W048_D6",2022-06-16,996,6,"A","Habituation","W048","GM","M","GM-M","D6",NA,"keep","keep"
"W002",10,"1",7,"STARTLE",0,1,"D7",11.9,0.085,"W002_D7",2022-05-31,73,1,"M","Habituation","W002","I","F","I-F","D7","Ran at 30 - exclude","exclude","exclude"
"W002",12,"1",9,"STARTLE",0,2,"D7",0,0,"W002_D7",2022-05-31,73,1,"M","Habituation","W002","I","F","I-F","D7","Ran at 30 - exclude","exclude","exclude"
"W002",14,"1",11,"STARTLE",0,3,"D7",3.3,0.008,"W002_D7",2022-05-31,73,1,"M","Habituation","W002","I","F","I-F","D7","Ran at 30 - exclude","exclude","exclude"
"W004",10,"1",7,"STARTLE",0,1,"D7",2.9,0.002,"W004_D7",2022-05-31,31,1,"M","Habituation","W004","I","M","I-M","D7","exclude from trait correlation as locomotion ran at 30","exclude","exclude"
"W004",12,"1",9,"STARTLE",0,2,"D7",8,0.005,"W004_D7",2022-05-31,31,1,"M","Habituation","W004","I","M","I-M","D7","exclude from trait correlation as locomotion ran at 30","exclude","exclude"
"W004",14,"1",11,"STARTLE",0,3,"D7",0,0,"W004_D7",2022-05-31,31,1,"M","Habituation","W004","I","M","I-M","D7","exclude from trait correlation as locomotion ran at 30","exclude","exclude"
"W006",10,"1",7,"STARTLE",0,1,"D7",0,0,"W006_D7",2022-05-31,115,1,"A","Habituation","W006","I","M","I-M","D7",NA,"keep","keep"
"W006",12,"1",9,"STARTLE",0,2,"D7",0,0,"W006_D7",2022-05-31,115,1,"A","Habituation","W006","I","M","I-M","D7",NA,"keep","keep"
"W006",14,"1",11,"STARTLE",0,3,"D7",1.5,0,"W006_D7",2022-05-31,115,1,"A","Habituation","W006","I","M","I-M","D7",NA,"keep","keep"
"W010",10,"1",7,"STARTLE",0,1,"D7",2.9,0.002,"W010_D7",NA,NA,NA,NA,NA,NA,NA,NA,NA,NA,NA,NA,NA
"W010",12,"1",9,"STARTLE",0,2,"D7",3.1,0,"W010_D7",NA,NA,NA,NA,NA,NA,NA,NA,NA,NA,NA,NA,NA
"W010",14,"1",11,"STARTLE",0,3,"D7",1.7,0,"W010_D7",NA,NA,NA,NA,NA,NA,NA,NA,NA,NA,NA,NA,NA
"W020",10,"1",7,"STARTLE",0,1,"D7",9,0.048,"W020_D7",2022-06-07,409,3,"M","Habituation","W020","I","M","I-M","D7",NA,"keep","keep"
"W020",12,"1",9,"STARTLE",0,2,"D7",0,0,"W020_D7",2022-06-07,409,3,"M","Habituation","W020","I","M","I-M","D7",NA,"keep","keep"
"W020",14,"1",11,"STARTLE",0,3,"D7",0,0,"W020_D7",2022-06-07,409,3,"M","Habituation","W020","I","M","I-M","D7",NA,"keep","keep"
"W028",10,"1",7,"STARTLE",0,1,"D7",7.4,0.024,"W028_D7",2022-06-08,577,4,"M","Habituation","W028","I","F","I-F","D7",NA,"keep","keep"
"W028",12,"1",9,"STARTLE",0,2,"D7",0,0,"W028_D7",2022-06-08,577,4,"M","Habituation","W028","I","F","I-F","D7",NA,"keep","keep"
"W028",14,"1",11,"STARTLE",0,3,"D7",0,0,"W028_D7",2022-06-08,577,4,"M","Habituation","W028","I","F","I-F","D7",NA,"keep","keep"
"W038",10,"1",7,"STARTLE",0,1,"D7",1.8,0.13,"W038_D7",2022-06-14,787,5,"A","Habituation","W038","I","F","I-F","D7",NA,"keep","keep"
"W038",12,"1",9,"STARTLE",0,2,"D7",0,0,"W038_D7",2022-06-14,787,5,"A","Habituation","W038","I","F","I-F","D7",NA,"keep","keep"
"W038",14,"1",11,"STARTLE",0,3,"D7",0,0,"W038_D7",2022-06-14,787,5,"A","Habituation","W038","I","F","I-F","D7",NA,"keep","keep"
"W044",10,"1",7,"STARTLE",0,1,"D7",8.2,0.044,"W044_D7",2022-06-16,913,6,"M","Habituation","W044","GM","M","GM-M","D7",NA,"keep","keep"
"W044",12,"1",9,"STARTLE",0,2,"D7",1.7,0.001,"W044_D7",2022-06-16,913,6,"M","Habituation","W044","GM","M","GM-M","D7",NA,"keep","keep"
"W044",14,"1",11,"STARTLE",0,3,"D7",1.9,0.003,"W044_D7",2022-06-16,913,6,"M","Habituation","W044","GM","M","GM-M","D7",NA,"keep","keep"
"W002",10,"1",7,"STARTLE",0,1,"D8",0,0,"W002_D8",2022-05-31,74,1,"M","Habituation","W002","I","F","I-F","D8","Ran at 30 - exclude","exclude","exclude"
"W002",12,"1",9,"STARTLE",0,2,"D8",1.4,0,"W002_D8",2022-05-31,74,1,"M","Habituation","W002","I","F","I-F","D8","Ran at 30 - exclude","exclude","exclude"
"W002",14,"1",11,"STARTLE",0,3,"D8",0,0,"W002_D8",2022-05-31,74,1,"M","Habituation","W002","I","F","I-F","D8","Ran at 30 - exclude","exclude","exclude"
"W020",10,"1",7,"STARTLE",0,1,"D8",9.8,0.069,"W020_D8",2022-06-07,410,3,"M","Habituation","W020","I","M","I-M","D8",NA,"keep","keep"
"W020",12,"1",9,"STARTLE",0,2,"D8",20.3,0.071,"W020_D8",2022-06-07,410,3,"M","Habituation","W020","I","M","I-M","D8",NA,"keep","keep"
"W020",14,"1",11,"STARTLE",0,3,"D8",11.8,0.181,"W020_D8",2022-06-07,410,3,"M","Habituation","W020","I","M","I-M","D8",NA,"keep","keep"
"W022",10,"1",7,"STARTLE",0,1,"D8",8.1,0.03,"W022_D8",2022-06-07,452,3,"A","Habituation","W022","GM","M","GM-M","D8","Exlude from correlations - one fly missing, not sure where from","keep","exclude"
"W022",12,"1",9,"STARTLE",0,2,"D8",0,0.003,"W022_D8",2022-06-07,452,3,"A","Habituation","W022","GM","M","GM-M","D8","Exlude from correlations - one fly missing, not sure where from","keep","exclude"
"W022",14,"1",11,"STARTLE",0,3,"D8",4.5,0.013,"W022_D8",2022-06-07,452,3,"A","Habituation","W022","GM","M","GM-M","D8","Exlude from correlations - one fly missing, not sure where from","keep","exclude"
"W028",10,"1",7,"STARTLE",0,1,"D8",4,0.007,"W028_D8",2022-06-08,578,4,"M","Habituation","W028","I","F","I-F","D8",NA,"keep","keep"
"W028",12,"1",9,"STARTLE",0,2,"D8",8.4,0.097,"W028_D8",2022-06-08,578,4,"M","Habituation","W028","I","F","I-F","D8",NA,"keep","keep"
"W028",14,"1",11,"STARTLE",0,3,"D8",5.5,0.005,"W028_D8",2022-06-08,578,4,"M","Habituation","W028","I","F","I-F","D8",NA,"keep","keep"
"W038",10,"1",7,"STARTLE",0,1,"D8",7.4,0.089,"W038_D8",2022-06-14,788,5,"A","Habituation","W038","I","F","I-F","D8",NA,"keep","keep"
"W038",12,"1",9,"STARTLE",0,2,"D8",0,0,"W038_D8",2022-06-14,788,5,"A","Habituation","W038","I","F","I-F","D8",NA,"keep","keep"
"W038",14,"1",11,"STARTLE",0,3,"D8",1.5,0,"W038_D8",2022-06-14,788,5,"A","Habituation","W038","I","F","I-F","D8",NA,"keep","keep"
"W004",10,"1",7,"STARTLE",0,1,"E1",0,0,"W004_E1",2022-05-31,33,1,"M","Habituation","W004","I","M","I-M","E1","exclude from trait correlation as locomotion ran at 30","exclude","exclude"
"W004",12,"1",9,"STARTLE",0,2,"E1",1.5,0.001,"W004_E1",2022-05-31,33,1,"M","Habituation","W004","I","M","I-M","E1","exclude from trait correlation as locomotion ran at 30","exclude","exclude"
"W004",14,"1",11,"STARTLE",0,3,"E1",0,0,"W004_E1",2022-05-31,33,1,"M","Habituation","W004","I","M","I-M","E1","exclude from trait correlation as locomotion ran at 30","exclude","exclude"
"W012",10,"1",7,"STARTLE",0,1,"E1",3,0.001,"W012_E1",2022-06-01,243,1,"M","Habituation","W012","GM","M","GM-M","E1",NA,"keep","keep"
"W012",12,"1",9,"STARTLE",0,2,"E1",4.6,0.001,"W012_E1",2022-06-01,243,1,"M","Habituation","W012","GM","M","GM-M","E1",NA,"keep","keep"
"W012",14,"1",11,"STARTLE",0,3,"E1",6.3,0.004,"W012_E1",2022-06-01,243,1,"M","Habituation","W012","GM","M","GM-M","E1",NA,"keep","keep"
"W016",10,"1",7,"STARTLE",0,1,"E1",4.5,0.004,"W016_E1",2022-06-01,327,2,"A","Habituation","W016","GS","F","GS-F","E1",NA,"keep","keep"
"W016",12,"1",9,"STARTLE",0,2,"E1",0,0,"W016_E1",2022-06-01,327,2,"A","Habituation","W016","GS","F","GS-F","E1",NA,"keep","keep"
"W016",14,"1",11,"STARTLE",0,3,"E1",0,0,"W016_E1",2022-06-01,327,2,"A","Habituation","W016","GS","F","GS-F","E1",NA,"keep","keep"
"W020",10,"1",7,"STARTLE",0,1,"E1",1.5,0.013,"W020_E1",2022-06-07,411,3,"M","Habituation","W020","I","M","I-M","E1",NA,"keep","keep"
"W020",12,"1",9,"STARTLE",0,2,"E1",4.8,0.023,"W020_E1",2022-06-07,411,3,"M","Habituation","W020","I","M","I-M","E1",NA,"keep","keep"
"W020",14,"1",11,"STARTLE",0,3,"E1",4.4,0.001,"W020_E1",2022-06-07,411,3,"M","Habituation","W020","I","M","I-M","E1",NA,"keep","keep"
"W028",10,"1",7,"STARTLE",0,1,"E1",15.8,0.322,"W028_E1",2022-06-08,579,4,"M","Habituation","W028","I","F","I-F","E1",NA,"keep","keep"
"W028",12,"1",9,"STARTLE",0,2,"E1",19.3,0.303,"W028_E1",2022-06-08,579,4,"M","Habituation","W028","I","F","I-F","E1",NA,"keep","keep"
"W028",14,"1",11,"STARTLE",0,3,"E1",7,0.095,"W028_E1",2022-06-08,579,4,"M","Habituation","W028","I","F","I-F","E1",NA,"keep","keep"
"W034",10,"1",7,"STARTLE",0,1,"E1",0,0,"W034_E1",2022-06-14,705,5,"M","Habituation","W034","GS","F","GS-F","E1",NA,"keep","keep"
"W034",12,"1",9,"STARTLE",0,2,"E1",15.1,0.044,"W034_E1",2022-06-14,705,5,"M","Habituation","W034","GS","F","GS-F","E1",NA,"keep","keep"
"W034",14,"1",11,"STARTLE",0,3,"E1",0,0,"W034_E1",2022-06-14,705,5,"M","Habituation","W034","GS","F","GS-F","E1",NA,"keep","keep"
"W002",10,"1",7,"STARTLE",0,1,"E2",1.4,0.004,"W002_E2",2022-05-31,76,1,"M","Habituation","W002","I","F","I-F","E2","Ran at 30 - exclude","exclude","exclude"
"W002",12,"1",9,"STARTLE",0,2,"E2",3,0.011,"W002_E2",2022-05-31,76,1,"M","Habituation","W002","I","F","I-F","E2","Ran at 30 - exclude","exclude","exclude"
"W002",14,"1",11,"STARTLE",0,3,"E2",6.5,0.032,"W002_E2",2022-05-31,76,1,"M","Habituation","W002","I","F","I-F","E2","Ran at 30 - exclude","exclude","exclude"
"W004",10,"1",7,"STARTLE",0,1,"E2",0,0,"W004_E2",2022-05-31,34,1,"M","Habituation","W004","I","M","I-M","E2","exclude from trait correlation as locomotion ran at 30","exclude","exclude"
"W004",12,"1",9,"STARTLE",0,2,"E2",3.3,0,"W004_E2",2022-05-31,34,1,"M","Habituation","W004","I","M","I-M","E2","exclude from trait correlation as locomotion ran at 30","exclude","exclude"
"W004",14,"1",11,"STARTLE",0,3,"E2",1.5,0.001,"W004_E2",2022-05-31,34,1,"M","Habituation","W004","I","M","I-M","E2","exclude from trait correlation as locomotion ran at 30","exclude","exclude"
"W006",10,"1",7,"STARTLE",0,1,"E2",1.4,0,"W006_E2",2022-05-31,118,1,"A","Habituation","W006","I","M","I-M","E2",NA,"keep","keep"
"W006",12,"1",9,"STARTLE",0,2,"E2",0,0,"W006_E2",2022-05-31,118,1,"A","Habituation","W006","I","M","I-M","E2",NA,"keep","keep"
"W006",14,"1",11,"STARTLE",0,3,"E2",0,0,"W006_E2",2022-05-31,118,1,"A","Habituation","W006","I","M","I-M","E2",NA,"keep","keep"
"W020",10,"1",7,"STARTLE",0,1,"E2",4.8,0.055,"W020_E2",2022-06-07,412,3,"M","Habituation","W020","I","M","I-M","E2",NA,"keep","keep"
"W020",12,"1",9,"STARTLE",0,2,"E2",0,0,"W020_E2",2022-06-07,412,3,"M","Habituation","W020","I","M","I-M","E2",NA,"keep","keep"
"W020",14,"1",11,"STARTLE",0,3,"E2",0,0,"W020_E2",2022-06-07,412,3,"M","Habituation","W020","I","M","I-M","E2",NA,"keep","keep"
"W028",10,"1",7,"STARTLE",0,1,"E2",8.4,0.062,"W028_E2",2022-06-08,580,4,"M","Habituation","W028","I","F","I-F","E2",NA,"keep","keep"
"W028",12,"1",9,"STARTLE",0,2,"E2",7.8,0.033,"W028_E2",2022-06-08,580,4,"M","Habituation","W028","I","F","I-F","E2",NA,"keep","keep"
"W028",14,"1",11,"STARTLE",0,3,"E2",4.8,0.016,"W028_E2",2022-06-08,580,4,"M","Habituation","W028","I","F","I-F","E2",NA,"keep","keep"
"W004",10,"1",7,"STARTLE",0,1,"E3",0,0.005,"W004_E3",2022-05-31,35,1,"M","Habituation","W004","I","M","I-M","E3","exclude from trait correlation as locomotion ran at 30","exclude","exclude"
"W004",12,"1",9,"STARTLE",0,2,"E3",7.9,0.096,"W004_E3",2022-05-31,35,1,"M","Habituation","W004","I","M","I-M","E3","exclude from trait correlation as locomotion ran at 30","exclude","exclude"
"W004",14,"1",11,"STARTLE",0,3,"E3",1.5,0,"W004_E3",2022-05-31,35,1,"M","Habituation","W004","I","M","I-M","E3","exclude from trait correlation as locomotion ran at 30","exclude","exclude"
"W008",10,"1",7,"STARTLE",0,1,"E3",1.6,0,"W008_E3",2022-05-31,161,1,"A","Habituation","W008","GS","F","GS-F","E3",NA,"keep","keep"
"W008",12,"1",9,"STARTLE",0,2,"E3",0,0,"W008_E3",2022-05-31,161,1,"A","Habituation","W008","GS","F","GS-F","E3",NA,"keep","keep"
"W008",14,"1",11,"STARTLE",0,3,"E3",0,0,"W008_E3",2022-05-31,161,1,"A","Habituation","W008","GS","F","GS-F","E3",NA,"keep","keep"
"W006",10,"1",7,"STARTLE",0,1,"E3",0,0,"W006_E3",2022-05-31,119,1,"A","Habituation","W006","I","M","I-M","E3",NA,"keep","keep"
"W006",12,"1",9,"STARTLE",0,2,"E3",1.4,0,"W006_E3",2022-05-31,119,1,"A","Habituation","W006","I","M","I-M","E3",NA,"keep","keep"
"W006",14,"1",11,"STARTLE",0,3,"E3",0,0,"W006_E3",2022-05-31,119,1,"A","Habituation","W006","I","M","I-M","E3",NA,"keep","keep"
"W016",10,"1",7,"STARTLE",0,1,"E3",13.5,0.011,"W016_E3",2022-06-01,329,2,"A","Habituation","W016","GS","F","GS-F","E3",NA,"keep","keep"
"W016",12,"1",9,"STARTLE",0,2,"E3",0,0,"W016_E3",2022-06-01,329,2,"A","Habituation","W016","GS","F","GS-F","E3",NA,"keep","keep"
"W016",14,"1",11,"STARTLE",0,3,"E3",0,0,"W016_E3",2022-06-01,329,2,"A","Habituation","W016","GS","F","GS-F","E3",NA,"keep","keep"
"W020",10,"1",7,"STARTLE",0,1,"E3",0,0,"W020_E3",2022-06-07,413,3,"M","Habituation","W020","I","M","I-M","E3",NA,"keep","keep"
"W020",12,"1",9,"STARTLE",0,2,"E3",6.8,0.154,"W020_E3",2022-06-07,413,3,"M","Habituation","W020","I","M","I-M","E3",NA,"keep","keep"
"W020",14,"1",11,"STARTLE",0,3,"E3",0,0,"W020_E3",2022-06-07,413,3,"M","Habituation","W020","I","M","I-M","E3",NA,"keep","keep"
"W028",10,"1",7,"STARTLE",0,1,"E3",13.7,0.012,"W028_E3",2022-06-08,581,4,"M","Habituation","W028","I","F","I-F","E3",NA,"keep","keep"
"W028",12,"1",9,"STARTLE",0,2,"E3",0,0,"W028_E3",2022-06-08,581,4,"M","Habituation","W028","I","F","I-F","E3",NA,"keep","keep"
"W028",14,"1",11,"STARTLE",0,3,"E3",0,0,"W028_E3",2022-06-08,581,4,"M","Habituation","W028","I","F","I-F","E3",NA,"keep","keep"
"W038",10,"1",7,"STARTLE",0,1,"E3",13.8,0.596,"W038_E3",2022-06-14,791,5,"A","Habituation","W038","I","F","I-F","E3","exclude - may have switched with F2","exclude","exclude"
"W038",12,"1",9,"STARTLE",0,2,"E3",20,0.557,"W038_E3",2022-06-14,791,5,"A","Habituation","W038","I","F","I-F","E3","exclude - may have switched with F2","exclude","exclude"
"W038",14,"1",11,"STARTLE",0,3,"E3",16.4,0.211,"W038_E3",2022-06-14,791,5,"A","Habituation","W038","I","F","I-F","E3","exclude - may have switched with F2","exclude","exclude"
"W002",10,"1",7,"STARTLE",0,1,"E4",11.2,0.17,"W002_E4",2022-05-31,78,1,"M","Habituation","W002","GM","M","GM-M","E4","Ran at 30 - exclude","exclude","exclude"
"W002",12,"1",9,"STARTLE",0,2,"E4",13.3,0.217,"W002_E4",2022-05-31,78,1,"M","Habituation","W002","GM","M","GM-M","E4","Ran at 30 - exclude","exclude","exclude"
"W002",14,"1",11,"STARTLE",0,3,"E4",7.9,0.054,"W002_E4",2022-05-31,78,1,"M","Habituation","W002","GM","M","GM-M","E4","Ran at 30 - exclude","exclude","exclude"
"W012",10,"1",7,"STARTLE",0,1,"E4",0,0,"W012_E4",2022-06-01,246,1,"M","Habituation","W012","GM","F","GM-F","E4",NA,"keep","keep"
"W012",12,"1",9,"STARTLE",0,2,"E4",0,0,"W012_E4",2022-06-01,246,1,"M","Habituation","W012","GM","F","GM-F","E4",NA,"keep","keep"
"W012",14,"1",11,"STARTLE",0,3,"E4",1.4,0,"W012_E4",2022-06-01,246,1,"M","Habituation","W012","GM","F","GM-F","E4",NA,"keep","keep"
"W010",10,"1",7,"STARTLE",0,1,"E4",1.5,0,"W010_E4",NA,NA,NA,NA,NA,NA,NA,NA,NA,NA,NA,NA,NA
"W010",12,"1",9,"STARTLE",0,2,"E4",0,0,"W010_E4",NA,NA,NA,NA,NA,NA,NA,NA,NA,NA,NA,NA,NA
"W010",14,"1",11,"STARTLE",0,3,"E4",0,0,"W010_E4",NA,NA,NA,NA,NA,NA,NA,NA,NA,NA,NA,NA,NA
"W036",10,"1",7,"STARTLE",0,1,"E4",3.2,0,"W036_E4",2022-06-14,750,5,"M","Habituation","W036","I","M","I-M","E4",NA,"keep","keep"
"W036",12,"1",9,"STARTLE",0,2,"E4",1.4,0,"W036_E4",2022-06-14,750,5,"M","Habituation","W036","I","M","I-M","E4",NA,"keep","keep"
"W036",14,"1",11,"STARTLE",0,3,"E4",3.3,0,"W036_E4",2022-06-14,750,5,"M","Habituation","W036","I","M","I-M","E4",NA,"keep","keep"
"W044",10,"1",7,"STARTLE",0,1,"E4",3.2,0.002,"W044_E4",2022-06-16,918,6,"M","Habituation","W044","I","M","I-M","E4",NA,"keep","keep"
"W044",12,"1",9,"STARTLE",0,2,"E4",1.6,0.003,"W044_E4",2022-06-16,918,6,"M","Habituation","W044","I","M","I-M","E4",NA,"keep","keep"
"W044",14,"1",11,"STARTLE",0,3,"E4",1.6,0.001,"W044_E4",2022-06-16,918,6,"M","Habituation","W044","I","M","I-M","E4",NA,"keep","keep"
"W046",10,"1",7,"STARTLE",0,1,"E4",0,0,"W046_E4",2022-06-16,960,6,"A","Habituation","W046","GS","F","GS-F","E4",NA,"keep","keep"
"W046",12,"1",9,"STARTLE",0,2,"E4",7.9,0.073,"W046_E4",2022-06-16,960,6,"A","Habituation","W046","GS","F","GS-F","E4",NA,"keep","keep"
"W046",14,"1",11,"STARTLE",0,3,"E4",0,0,"W046_E4",2022-06-16,960,6,"A","Habituation","W046","GS","F","GS-F","E4",NA,"keep","keep"
"W002",10,"1",7,"STARTLE",0,1,"E5",9.4,0.111,"W002_E5",2022-05-31,79,1,"M","Habituation","W002","GM","M","GM-M","E5","Ran at 30 - exclude","exclude","exclude"
"W002",12,"1",9,"STARTLE",0,2,"E5",0,0,"W002_E5",2022-05-31,79,1,"M","Habituation","W002","GM","M","GM-M","E5","Ran at 30 - exclude","exclude","exclude"
"W002",14,"1",11,"STARTLE",0,3,"E5",0,0,"W002_E5",2022-05-31,79,1,"M","Habituation","W002","GM","M","GM-M","E5","Ran at 30 - exclude","exclude","exclude"
"W004",10,"1",7,"STARTLE",0,1,"E5",0,0,"W004_E5",2022-05-31,37,1,"M","Habituation","W004","GM","M","GM-M","E5","exclude from trait correlation as locomotion ran at 30","exclude","exclude"
"W004",12,"1",9,"STARTLE",0,2,"E5",0,0,"W004_E5",2022-05-31,37,1,"M","Habituation","W004","GM","M","GM-M","E5","exclude from trait correlation as locomotion ran at 30","exclude","exclude"
"W004",14,"1",11,"STARTLE",0,3,"E5",1.5,0.001,"W004_E5",2022-05-31,37,1,"M","Habituation","W004","GM","M","GM-M","E5","exclude from trait correlation as locomotion ran at 30","exclude","exclude"
"W008",10,"1",7,"STARTLE",0,1,"E5",1.4,0,"W008_E5",2022-05-31,163,1,"A","Habituation","W008","I","M","I-M","E5",NA,"keep","keep"
"W008",12,"1",9,"STARTLE",0,2,"E5",0,0,"W008_E5",2022-05-31,163,1,"A","Habituation","W008","I","M","I-M","E5",NA,"keep","keep"
"W008",14,"1",11,"STARTLE",0,3,"E5",0,0,"W008_E5",2022-05-31,163,1,"A","Habituation","W008","I","M","I-M","E5",NA,"keep","keep"
"W016",10,"1",7,"STARTLE",0,1,"E5",1.4,0,"W016_E5",2022-06-01,331,2,"A","Habituation","W016","I","M","I-M","E5",NA,"keep","keep"
"W016",12,"1",9,"STARTLE",0,2,"E5",4.6,0.078,"W016_E5",2022-06-01,331,2,"A","Habituation","W016","I","M","I-M","E5",NA,"keep","keep"
"W016",14,"1",11,"STARTLE",0,3,"E5",6.2,0.036,"W016_E5",2022-06-01,331,2,"A","Habituation","W016","I","M","I-M","E5",NA,"keep","keep"
"W026",10,"1",7,"STARTLE",0,1,"E5",0,0,"W026_E5",NA,NA,NA,NA,NA,NA,NA,NA,NA,NA,NA,NA,NA
"W026",12,"1",9,"STARTLE",0,2,"E5",1.6,0.026,"W026_E5",NA,NA,NA,NA,NA,NA,NA,NA,NA,NA,NA,NA,NA
"W026",14,"1",11,"STARTLE",0,3,"E5",0,0,"W026_E5",NA,NA,NA,NA,NA,NA,NA,NA,NA,NA,NA,NA,NA
"W044",10,"1",7,"STARTLE",0,1,"E5",0,0,"W044_E5",2022-06-16,919,6,"M","Habituation","W044","I","M","I-M","E5",NA,"keep","keep"
"W044",12,"1",9,"STARTLE",0,2,"E5",1.6,0,"W044_E5",2022-06-16,919,6,"M","Habituation","W044","I","M","I-M","E5",NA,"keep","keep"
"W044",14,"1",11,"STARTLE",0,3,"E5",0,0,"W044_E5",2022-06-16,919,6,"M","Habituation","W044","I","M","I-M","E5",NA,"keep","keep"
"W002",10,"1",7,"STARTLE",0,1,"E6",1.5,0.001,"W002_E6",2022-05-31,80,1,"M","Habituation","W002","GM","M","GM-M","E6","Ran at 30 - exclude","exclude","exclude"
"W002",12,"1",9,"STARTLE",0,2,"E6",3,0.007,"W002_E6",2022-05-31,80,1,"M","Habituation","W002","GM","M","GM-M","E6","Ran at 30 - exclude","exclude","exclude"
"W002",14,"1",11,"STARTLE",0,3,"E6",7.9,0.021,"W002_E6",2022-05-31,80,1,"M","Habituation","W002","GM","M","GM-M","E6","Ran at 30 - exclude","exclude","exclude"
"W028",10,"1",7,"STARTLE",0,1,"E6",0,0,"W028_E6",2022-06-08,584,4,"M","Habituation","W028","GS","F","GS-F","E6",NA,"keep","keep"
"W028",12,"1",9,"STARTLE",0,2,"E6",8.8,0.036,"W028_E6",2022-06-08,584,4,"M","Habituation","W028","GS","F","GS-F","E6",NA,"keep","keep"
"W028",14,"1",11,"STARTLE",0,3,"E6",0,0,"W028_E6",2022-06-08,584,4,"M","Habituation","W028","GS","F","GS-F","E6",NA,"keep","keep"
"W026",10,"1",7,"STARTLE",0,1,"E6",0,0,"W026_E6",NA,NA,NA,NA,NA,NA,NA,NA,NA,NA,NA,NA,NA
"W026",12,"1",9,"STARTLE",0,2,"E6",8.2,0.003,"W026_E6",NA,NA,NA,NA,NA,NA,NA,NA,NA,NA,NA,NA,NA
"W026",14,"1",11,"STARTLE",0,3,"E6",7.9,0.028,"W026_E6",NA,NA,NA,NA,NA,NA,NA,NA,NA,NA,NA,NA,NA
"W002",10,"1",7,"STARTLE",0,1,"E7",1.7,0.018,"W002_E7",2022-05-31,81,1,"M","Habituation","W002","GM","M","GM-M","E7","Ran at 30 - exclude","exclude","exclude"
"W002",12,"1",9,"STARTLE",0,2,"E7",0,0,"W002_E7",2022-05-31,81,1,"M","Habituation","W002","GM","M","GM-M","E7","Ran at 30 - exclude","exclude","exclude"
"W002",14,"1",11,"STARTLE",0,3,"E7",0,0,"W002_E7",2022-05-31,81,1,"M","Habituation","W002","GM","M","GM-M","E7","Ran at 30 - exclude","exclude","exclude"
"W004",10,"1",7,"STARTLE",0,1,"E7",15.1,0.152,"W004_E7",2022-05-31,39,1,"M","Habituation","W004","GM","M","GM-M","E7","exclude from trait correlation as locomotion ran at 30","exclude","exclude"
"W004",12,"1",9,"STARTLE",0,2,"E7",15.3,0.062,"W004_E7",2022-05-31,39,1,"M","Habituation","W004","GM","M","GM-M","E7","exclude from trait correlation as locomotion ran at 30","exclude","exclude"
"W004",14,"1",11,"STARTLE",0,3,"E7",12.1,0.017,"W004_E7",2022-05-31,39,1,"M","Habituation","W004","GM","M","GM-M","E7","exclude from trait correlation as locomotion ran at 30","exclude","exclude"
"W010",10,"1",7,"STARTLE",0,1,"E7",0,0,"W010_E7",NA,NA,NA,NA,NA,NA,NA,NA,NA,NA,NA,NA,NA
"W010",12,"1",9,"STARTLE",0,2,"E7",0,0,"W010_E7",NA,NA,NA,NA,NA,NA,NA,NA,NA,NA,NA,NA,NA
"W010",14,"1",11,"STARTLE",0,3,"E7",8.7,0.013,"W010_E7",NA,NA,NA,NA,NA,NA,NA,NA,NA,NA,NA,NA,NA
"W028",10,"1",7,"STARTLE",0,1,"E7",0,0,"W028_E7",2022-06-08,585,4,"M","Habituation","W028","GS","F","GS-F","E7",NA,"keep","keep"
"W028",12,"1",9,"STARTLE",0,2,"E7",0,0,"W028_E7",2022-06-08,585,4,"M","Habituation","W028","GS","F","GS-F","E7",NA,"keep","keep"
"W028",14,"1",11,"STARTLE",0,3,"E7",1.5,0,"W028_E7",2022-06-08,585,4,"M","Habituation","W028","GS","F","GS-F","E7",NA,"keep","keep"
"W026",10,"1",7,"STARTLE",0,1,"E7",1.6,0.002,"W026_E7",NA,NA,NA,NA,NA,NA,NA,NA,NA,NA,NA,NA,NA
"W026",12,"1",9,"STARTLE",0,2,"E7",0,0,"W026_E7",NA,NA,NA,NA,NA,NA,NA,NA,NA,NA,NA,NA,NA
"W026",14,"1",11,"STARTLE",0,3,"E7",0,0,"W026_E7",NA,NA,NA,NA,NA,NA,NA,NA,NA,NA,NA,NA,NA
"W002",10,"1",7,"STARTLE",0,1,"E8",1.8,0.003,"W002_E8",2022-05-31,82,1,"M","Habituation","W002","GM","M","GM-M","E8","Ran at 30 - exclude","exclude","exclude"
"W002",12,"1",9,"STARTLE",0,2,"E8",8,0.048,"W002_E8",2022-05-31,82,1,"M","Habituation","W002","GM","M","GM-M","E8","Ran at 30 - exclude","exclude","exclude"
"W002",14,"1",11,"STARTLE",0,3,"E8",0,0,"W002_E8",2022-05-31,82,1,"M","Habituation","W002","GM","M","GM-M","E8","Ran at 30 - exclude","exclude","exclude"
"W008",10,"1",7,"STARTLE",0,1,"E8",1.7,0,"W008_E8",2022-05-31,166,1,"A","Habituation","W008","I","M","I-M","E8",NA,"keep","keep"
"W008",12,"1",9,"STARTLE",0,2,"E8",3.1,0,"W008_E8",2022-05-31,166,1,"A","Habituation","W008","I","M","I-M","E8",NA,"keep","keep"
"W008",14,"1",11,"STARTLE",0,3,"E8",3,0.001,"W008_E8",2022-05-31,166,1,"A","Habituation","W008","I","M","I-M","E8",NA,"keep","keep"
"W010",10,"1",7,"STARTLE",0,1,"E8",14.3,0.011,"W010_E8",NA,NA,NA,NA,NA,NA,NA,NA,NA,NA,NA,NA,NA
"W010",12,"1",9,"STARTLE",0,2,"E8",0,0,"W010_E8",NA,NA,NA,NA,NA,NA,NA,NA,NA,NA,NA,NA,NA
"W010",14,"1",11,"STARTLE",0,3,"E8",13.1,0.002,"W010_E8",NA,NA,NA,NA,NA,NA,NA,NA,NA,NA,NA,NA,NA
"W026",10,"1",7,"STARTLE",0,1,"E8",0,0,"W026_E8",NA,NA,NA,NA,NA,NA,NA,NA,NA,NA,NA,NA,NA
"W026",12,"1",9,"STARTLE",0,2,"E8",1.5,0,"W026_E8",NA,NA,NA,NA,NA,NA,NA,NA,NA,NA,NA,NA,NA
"W026",14,"1",11,"STARTLE",0,3,"E8",0,0,"W026_E8",NA,NA,NA,NA,NA,NA,NA,NA,NA,NA,NA,NA,NA
"W030",10,"1",7,"STARTLE",0,1,"E8",0,0,"W030_E8",2022-06-08,628,4,"A","Habituation","W030","GS","M","GS-M","E8",NA,"keep","keep"
"W030",12,"1",9,"STARTLE",0,2,"E8",3,0,"W030_E8",2022-06-08,628,4,"A","Habituation","W030","GS","M","GS-M","E8",NA,"keep","keep"
"W030",14,"1",11,"STARTLE",0,3,"E8",1.5,0,"W030_E8",2022-06-08,628,4,"A","Habituation","W030","GS","M","GS-M","E8",NA,"keep","keep"
"W002",10,"1",7,"STARTLE",0,1,"F1",7.8,0.084,"W002_F1",2022-05-31,83,1,"M","Habituation","W002","GM","M","GM-M","F1","Ran at 30 - exclude","exclude","exclude"
"W002",12,"1",9,"STARTLE",0,2,"F1",8.3,0.097,"W002_F1",2022-05-31,83,1,"M","Habituation","W002","GM","M","GM-M","F1","Ran at 30 - exclude","exclude","exclude"
"W002",14,"1",11,"STARTLE",0,3,"F1",13,0.141,"W002_F1",2022-05-31,83,1,"M","Habituation","W002","GM","M","GM-M","F1","Ran at 30 - exclude","exclude","exclude"
"W004",10,"1",7,"STARTLE",0,1,"F1",1.5,0,"W004_F1",2022-05-31,41,1,"M","Habituation","W004","GM","M","GM-M","F1","exclude from trait correlation as locomotion ran at 30","exclude","exclude"
"W004",12,"1",9,"STARTLE",0,2,"F1",6,0.005,"W004_F1",2022-05-31,41,1,"M","Habituation","W004","GM","M","GM-M","F1","exclude from trait correlation as locomotion ran at 30","exclude","exclude"
"W004",14,"1",11,"STARTLE",0,3,"F1",0,0,"W004_F1",2022-05-31,41,1,"M","Habituation","W004","GM","M","GM-M","F1","exclude from trait correlation as locomotion ran at 30","exclude","exclude"
"W024",10,"1",7,"STARTLE",0,1,"F1",1.5,0,"W024_F1",2022-06-07,503,3,"A","Habituation","W024","I","M","I-M","F1",NA,"keep","keep"
"W024",12,"1",9,"STARTLE",0,2,"F1",1.5,0,"W024_F1",2022-06-07,503,3,"A","Habituation","W024","I","M","I-M","F1",NA,"keep","keep"
"W024",14,"1",11,"STARTLE",0,3,"F1",1.5,0,"W024_F1",2022-06-07,503,3,"A","Habituation","W024","I","M","I-M","F1",NA,"keep","keep"
"W030",10,"1",7,"STARTLE",0,1,"F1",6.1,0.054,"W030_F1",2022-06-08,629,4,"A","Habituation","W030","GS","M","GS-M","F1",NA,"keep","keep"
"W030",12,"1",9,"STARTLE",0,2,"F1",4.6,0.006,"W030_F1",2022-06-08,629,4,"A","Habituation","W030","GS","M","GS-M","F1",NA,"keep","keep"
"W030",14,"1",11,"STARTLE",0,3,"F1",3.4,0.025,"W030_F1",2022-06-08,629,4,"A","Habituation","W030","GS","M","GS-M","F1",NA,"keep","keep"
"W044",10,"1",7,"STARTLE",0,1,"F1",4.6,0.015,"W044_F1",2022-06-16,923,6,"M","Habituation","W044","I","M","I-M","F1",NA,"keep","keep"
"W044",12,"1",9,"STARTLE",0,2,"F1",13.3,0.023,"W044_F1",2022-06-16,923,6,"M","Habituation","W044","I","M","I-M","F1",NA,"keep","keep"
"W044",14,"1",11,"STARTLE",0,3,"F1",0,0,"W044_F1",2022-06-16,923,6,"M","Habituation","W044","I","M","I-M","F1",NA,"keep","keep"
"W002",10,"1",7,"STARTLE",0,1,"F2",6.1,0,"W002_F2",2022-05-31,84,1,"M","Habituation","W002","GM","M","GM-M","F2","Ran at 30 - exclude","exclude","exclude"
"W002",12,"1",9,"STARTLE",0,2,"F2",6.6,0.014,"W002_F2",2022-05-31,84,1,"M","Habituation","W002","GM","M","GM-M","F2","Ran at 30 - exclude","exclude","exclude"
"W002",14,"1",11,"STARTLE",0,3,"F2",11.3,0.076,"W002_F2",2022-05-31,84,1,"M","Habituation","W002","GM","M","GM-M","F2","Ran at 30 - exclude","exclude","exclude"
"W014",10,"1",7,"STARTLE",0,1,"F2",17.5,0.188,"W014_F2",2022-06-01,294,2,"A","Habituation","W014","GM","F","GM-F","F2",NA,"keep","keep"
"W014",12,"1",9,"STARTLE",0,2,"F2",7.6,0.01,"W014_F2",2022-06-01,294,2,"A","Habituation","W014","GM","F","GM-F","F2",NA,"keep","keep"
"W014",14,"1",11,"STARTLE",0,3,"F2",15.1,0.091,"W014_F2",2022-06-01,294,2,"A","Habituation","W014","GM","F","GM-F","F2",NA,"keep","keep"
"W022",10,"1",7,"STARTLE",0,1,"F2",13.5,0.185,"W022_F2",2022-06-07,462,3,"A","Habituation","W022","GS","F","GS-F","F2",NA,"keep","keep"
"W022",12,"1",9,"STARTLE",0,2,"F2",4,0.088,"W022_F2",2022-06-07,462,3,"A","Habituation","W022","GS","F","GS-F","F2",NA,"keep","keep"
"W022",14,"1",11,"STARTLE",0,3,"F2",6.7,0.098,"W022_F2",2022-06-07,462,3,"A","Habituation","W022","GS","F","GS-F","F2",NA,"keep","keep"
"W030",10,"1",7,"STARTLE",0,1,"F2",3,0,"W030_F2",2022-06-08,630,4,"A","Habituation","W030","GS","M","GS-M","F2",NA,"keep","keep"
"W030",12,"1",9,"STARTLE",0,2,"F2",3.1,0.002,"W030_F2",2022-06-08,630,4,"A","Habituation","W030","GS","M","GS-M","F2",NA,"keep","keep"
"W030",14,"1",11,"STARTLE",0,3,"F2",1.5,0.002,"W030_F2",2022-06-08,630,4,"A","Habituation","W030","GS","M","GS-M","F2",NA,"keep","keep"
"W034",10,"1",7,"STARTLE",0,1,"F2",1.5,0,"W034_F2",2022-06-14,714,5,"M","Habituation","W034","GM","F","GM-F","F2",NA,"keep","keep"
"W034",12,"1",9,"STARTLE",0,2,"F2",0,0,"W034_F2",2022-06-14,714,5,"M","Habituation","W034","GM","F","GM-F","F2",NA,"keep","keep"
"W034",14,"1",11,"STARTLE",0,3,"F2",0,0,"W034_F2",2022-06-14,714,5,"M","Habituation","W034","GM","F","GM-F","F2",NA,"keep","keep"
